,nameOfIssuer,titleOfClass,cusip,value,shrsOrPrnAmt,investmentDiscretion,votingAuthority,sshPrnamt,sshPrnamtType,cik,filingDate,reportDate,fund_name
0,10X CAPITAL VENTURE ACQ III,*W EXP 06/30/202,G87077114,3606,"OrderedDict([('sshPrnamt', '357045'), ('sshPrnamtType', 'SH')])",SOLE,"OrderedDict([('Sole', '357045'), ('Shared', '0'), ('None', '0')])",357045,SH,919085,2017-08-04,2017-06-30,PERRY CAPITAL
1,8I ACQUISITION 2 CORP,RIGHT 09/24/2026,G2956R129,761,"OrderedDict([('sshPrnamt', '1586266'), ('sshPrnamtType', 'SH')])",SOLE,"OrderedDict([('Sole', '1586266'), ('Shared', '0'), ('None', '0')])",1586266,SH,919085,2017-08-04,2017-06-30,PERRY CAPITAL
2,A SPAC I ACQUISITION CORP,*W EXP 05/21/202,G0542S130,5005,"OrderedDict([('sshPrnamt', '500000'), ('sshPrnamtType', 'SH')])",SOLE,"OrderedDict([('Sole', '500000'), ('Shared', '0'), ('None', '0')])",500000,SH,919085,2017-08-04,2017-06-30,PERRY CAPITAL
3,A SPAC I ACQUISITION CORP,RIGHT 12/09/2026,G0542S114,180,"OrderedDict([('sshPrnamt', '1500000'), ('sshPrnamtType', 'SH')])",SOLE,"OrderedDict([('Sole', '1500000'), ('Shared', '0'), ('None', '0')])",1500000,SH,919085,2017-08-04,2017-06-30,PERRY CAPITAL
4,A SPAC II ACQUISITION CORP,ORD SHS CL A,G0543H109,3827,"OrderedDict([('sshPrnamt', '384580'), ('sshPrnamtType', 'SH')])",SOLE,"OrderedDict([('Sole', '384580'), ('Shared', '0'), ('None', '0')])",384580,SH,919085,2017-08-04,2017-06-30,PERRY CAPITAL
5,A SPAC II ACQUISITION CORP,*W EXP 10/15/202,G0543H117,6403,"OrderedDict([('sshPrnamt', '643525'), ('sshPrnamtType', 'SH')])",SOLE,"OrderedDict([('Sole', '643525'), ('Shared', '0'), ('None', '0')])",643525,SH,919085,2017-08-04,2017-06-30,PERRY CAPITAL
6,A SPAC II ACQUISITION CORP,RIGHT 10/15/2026,G0543H133,146,"OrderedDict([('sshPrnamt', '1950000'), ('sshPrnamtType', 'SH')])",SOLE,"OrderedDict([('Sole', '1950000'), ('Shared', '0'), ('None', '0')])",1950000,SH,919085,2017-08-04,2017-06-30,PERRY CAPITAL
7,ACCRETION ACQUISITION CORP,RIGHT 03/01/2028,00438Y123,174,"OrderedDict([('sshPrnamt', '1949000'), ('sshPrnamtType', 'SH')])",SOLE,"OrderedDict([('Sole', '1949000'), ('Shared', '0'), ('None', '0')])",1949000,SH,919085,2017-08-04,2017-06-30,PERRY CAPITAL
8,ACCRETION ACQUISITION CORP,*W EXP 03/01/202,00438Y115,7202,"OrderedDict([('sshPrnamt', '724500'), ('sshPrnamtType', 'SH')])",SOLE,"OrderedDict([('Sole', '724500'), ('Shared', '0'), ('None', '0')])",724500,SH,919085,2017-08-04,2017-06-30,PERRY CAPITAL
9,ACE GLOBAL BUSINESS ACQU LTD,*W EXP 02/20/202,G0083E110,4743,"OrderedDict([('sshPrnamt', '454726'), ('sshPrnamtType', 'SH')])",SOLE,"OrderedDict([('Sole', '454726'), ('Shared', '0'), ('None', '0')])",454726,SH,919085,2017-08-04,2017-06-30,PERRY CAPITAL
10,ACHARI VENTURES HLDGS CORP I,*W EXP 01/01/202,00444X119,912,"OrderedDict([('sshPrnamt', '182001'), ('sshPrnamtType', 'SH')])",SOLE,"OrderedDict([('Sole', '182001'), ('Shared', '0'), ('None', '0')])",182001,SH,919085,2017-08-04,2017-06-30,PERRY CAPITAL
11,ACRI CAPITAL ACQUISITION COR,*W EXP 02/01/202,00501A119,4985,"OrderedDict([('sshPrnamt', '500000'), ('sshPrnamtType', 'SH')])",SOLE,"OrderedDict([('Sole', '500000'), ('Shared', '0'), ('None', '0')])",500000,SH,919085,2017-08-04,2017-06-30,PERRY CAPITAL
12,ACROPOLIS INFRASTRUCTURE ACQ,CL A,005029103,4367,"OrderedDict([('sshPrnamt', '450000'), ('sshPrnamtType', 'SH')])",SOLE,"OrderedDict([('Sole', '450000'), ('Shared', '0'), ('None', '0')])",450000,SH,919085,2017-08-04,2017-06-30,PERRY CAPITAL
13,ACTIVISION BLIZZARD INC,COM,00507V109,17409,"OrderedDict([('sshPrnamt', '234185'), ('sshPrnamtType', 'SH')])",SOLE,"OrderedDict([('Sole', '234185'), ('Shared', '0'), ('None', '0')])",234185,SH,919085,2017-08-04,2017-06-30,PERRY CAPITAL
14,AERCAP HOLDINGS NV,SHS,N00985106,20859,"OrderedDict([('sshPrnamt', '492771'), ('sshPrnamtType', 'SH')])",SOLE,"OrderedDict([('Sole', '492771'), ('Shared', '0'), ('None', '0')])",492771,SH,919085,2017-08-04,2017-06-30,PERRY CAPITAL
15,AETHERIUM ACQUISITION CORP,*W EXP 12/21/202,00809J119,9462,"OrderedDict([('sshPrnamt', '950000'), ('sshPrnamtType', 'SH')])",SOLE,"OrderedDict([('Sole', '950000'), ('Shared', '0'), ('None', '0')])",950000,SH,919085,2017-08-04,2017-06-30,PERRY CAPITAL
16,AFRICAN GOLD ACQUISITION COR,*W EXP 03/31/202,G0112R124,7928,"OrderedDict([('sshPrnamt', '800829'), ('sshPrnamtType', 'SH')])",SOLE,"OrderedDict([('Sole', '800829'), ('Shared', '0'), ('None', '0')])",800829,SH,919085,2017-08-04,2017-06-30,PERRY CAPITAL
17,AFTERNEXT HEALTHTECH ACQUISI,SHS CL A,G01109100,4397,"OrderedDict([('sshPrnamt', '450000'), ('sshPrnamtType', 'SH')])",SOLE,"OrderedDict([('Sole', '450000'), ('Shared', '0'), ('None', '0')])",450000,SH,919085,2017-08-04,2017-06-30,PERRY CAPITAL
18,AGBA ACQUISITION LTD,RIGHT 05/10/2024,G0120M125,63,"OrderedDict([('sshPrnamt', '455631'), ('sshPrnamtType', 'SH')])",SOLE,"OrderedDict([('Sole', '455631'), ('Shared', '0'), ('None', '0')])",455631,SH,919085,2017-08-04,2017-06-30,PERRY CAPITAL
19,AGBA ACQUISITION LTD,*W EXP 05/10/202,G0120M117,2020,"OrderedDict([('sshPrnamt', '353093'), ('sshPrnamtType', 'SH')])",SOLE,"OrderedDict([('Sole', '353093'), ('Shared', '0'), ('None', '0')])",353093,SH,919085,2017-08-04,2017-06-30,PERRY CAPITAL
20,AGILE GROWTH CORP,*W EXP 03/09/202,G01202111,1241,"OrderedDict([('sshPrnamt', '125133'), ('sshPrnamtType', 'SH')])",SOLE,"OrderedDict([('Sole', '125133'), ('Shared', '0'), ('None', '0')])",125133,SH,919085,2017-08-04,2017-06-30,PERRY CAPITAL
21,AIB ACQUISITION CORPORATION,RIGHT 10/31/2028,G0R45S117,112,"OrderedDict([('sshPrnamt', '1600000'), ('sshPrnamtType', 'SH')])",SOLE,"OrderedDict([('Sole', '1600000'), ('Shared', '0'), ('None', '0')])",1600000,SH,919085,2017-08-04,2017-06-30,PERRY CAPITAL
22,AIMFINITY INVESTMENT CORP I,UNIT 04/21/2027,G0135E142,1974,"OrderedDict([('sshPrnamt', '200000'), ('sshPrnamtType', 'SH')])",SOLE,"OrderedDict([('Sole', '200000'), ('Shared', '0'), ('None', '0')])",200000,SH,919085,2017-08-04,2017-06-30,PERRY CAPITAL
23,AIMFINITY INVESTMENT CORP I,*W EXP 04/21/202,G0135E126,4316,"OrderedDict([('sshPrnamt', '436000'), ('sshPrnamtType', 'SH')])",SOLE,"OrderedDict([('Sole', '436000'), ('Shared', '0'), ('None', '0')])",436000,SH,919085,2017-08-04,2017-06-30,PERRY CAPITAL
24,ALPHA HEALTHCARE ACQU CORP I,CLASS A COM,02073F104,2111,"OrderedDict([('sshPrnamt', '216739'), ('sshPrnamtType', 'SH')])",SOLE,"OrderedDict([('Sole', '216739'), ('Shared', '0'), ('None', '0')])",216739,SH,919085,2017-08-04,2017-06-30,PERRY CAPITAL
25,ALPHA PARTNERS TECH MERGR CO,CLASS A ORD SHS,G63290111,1291,"OrderedDict([('sshPrnamt', '131728'), ('sshPrnamtType', 'SH')])",SOLE,"OrderedDict([('Sole', '131728'), ('Shared', '0'), ('None', '0')])",131728,SH,919085,2017-08-04,2017-06-30,PERRY CAPITAL
26,ALPHA STAR ACQUISITION CORP,*W EXP 12/13/202,G0230C116,5040,"OrderedDict([('sshPrnamt', '500000'), ('sshPrnamtType', 'SH')])",SOLE,"OrderedDict([('Sole', '500000'), ('Shared', '0'), ('None', '0')])",500000,SH,919085,2017-08-04,2017-06-30,PERRY CAPITAL
27,ALPHA STAR ACQUISITION CORP,RIGHT 05/30/2023,G0230C132,225,"OrderedDict([('sshPrnamt', '1500000'), ('sshPrnamtType', 'SH')])",SOLE,"OrderedDict([('Sole', '1500000'), ('Shared', '0'), ('None', '0')])",1500000,SH,919085,2017-08-04,2017-06-30,PERRY CAPITAL
28,ALPHABET INC,CAP STK CL A,02079K305,16335,"OrderedDict([('sshPrnamt', '170780'), ('sshPrnamtType', 'SH')])",SOLE,"OrderedDict([('Sole', '170780'), ('Shared', '0'), ('None', '0')])",170780,SH,919085,2017-08-04,2017-06-30,PERRY CAPITAL
29,ALSET CAPITAL ACQUISITION CO,*W EXP 01/31/202,02115M117,7100,"OrderedDict([('sshPrnamt', '718605'), ('sshPrnamtType', 'SH')])",SOLE,"OrderedDict([('Sole', '718605'), ('Shared', '0'), ('None', '0')])",718605,SH,919085,2017-08-04,2017-06-30,PERRY CAPITAL
30,ALSET CAPITAL ACQUISITION CO,RIGHT 01/31/2027,02115M125,175,"OrderedDict([('sshPrnamt', '1947210'), ('sshPrnamtType', 'SH')])",SOLE,"OrderedDict([('Sole', '1947210'), ('Shared', '0'), ('None', '0')])",1947210,SH,919085,2017-08-04,2017-06-30,PERRY CAPITAL
31,ALSP ORCHID ACQUISITION CORP,*W EXP 11/30/202,G0231L123,1890,"OrderedDict([('sshPrnamt', '188385'), ('sshPrnamtType', 'SH')])",SOLE,"OrderedDict([('Sole', '188385'), ('Shared', '0'), ('None', '0')])",188385,SH,919085,2017-08-04,2017-06-30,PERRY CAPITAL
32,ALTC ACQUISITION CORP,COM CL A,02156V109,4392,"OrderedDict([('sshPrnamt', '450000'), ('sshPrnamtType', 'SH')])",SOLE,"OrderedDict([('Sole', '450000'), ('Shared', '0'), ('None', '0')])",450000,SH,919085,2017-08-04,2017-06-30,PERRY CAPITAL
33,AMCI ACQUISITION CORP II,CLASS A COM,00166R100,4895,"OrderedDict([('sshPrnamt', '500000'), ('sshPrnamtType', 'SH')])",SOLE,"OrderedDict([('Sole', '500000'), ('Shared', '0'), ('None', '0')])",500000,SH,919085,2017-08-04,2017-06-30,PERRY CAPITAL
34,AMERICAS TECHNOLOGY ACQSN CO,*W EXP 12/31/202,G0404A110,5177,"OrderedDict([('sshPrnamt', '497749'), ('sshPrnamtType', 'SH')])",SOLE,"OrderedDict([('Sole', '497749'), ('Shared', '0'), ('None', '0')])",497749,SH,919085,2017-08-04,2017-06-30,PERRY CAPITAL
35,ANEBULO PHARMACEUTICALS INC,COM,034569103,1118,"OrderedDict([('sshPrnamt', '399219'), ('sshPrnamtType', 'SH')])",SOLE,"OrderedDict([('Sole', '399219'), ('Shared', '0'), ('None', '0')])",399219,SH,919085,2017-08-04,2017-06-30,PERRY CAPITAL
36,ANGEL POND HOLDINGS CORP,SHS CL A,G0447J102,4376,"OrderedDict([('sshPrnamt', '445203'), ('sshPrnamtType', 'SH')])",SOLE,"OrderedDict([('Sole', '445203'), ('Shared', '0'), ('None', '0')])",445203,SH,919085,2017-08-04,2017-06-30,PERRY CAPITAL
37,ANZU SPECIAL ACQUISITIN CORP,*W EXP 01/27/202,03737A119,109,"OrderedDict([('sshPrnamt', '11143'), ('sshPrnamtType', 'SH')])",SOLE,"OrderedDict([('Sole', '11143'), ('Shared', '0'), ('None', '0')])",11143,SH,919085,2017-08-04,2017-06-30,PERRY CAPITAL
38,APEIRON CAPITAL INVEST CORP,*W EXP 04/02/202,03752A119,3274,"OrderedDict([('sshPrnamt', '326740'), ('sshPrnamtType', 'SH')])",SOLE,"OrderedDict([('Sole', '326740'), ('Shared', '0'), ('None', '0')])",326740,SH,919085,2017-08-04,2017-06-30,PERRY CAPITAL
39,APX ACQUISITION CORP I,*W EXP 11/30/202,G0440J125,899,"OrderedDict([('sshPrnamt', '88807'), ('sshPrnamtType', 'SH')])",SOLE,"OrderedDict([('Sole', '88807'), ('Shared', '0'), ('None', '0')])",88807,SH,919085,2017-08-04,2017-06-30,PERRY CAPITAL
40,ARBOR RAPHA CAP BIOHLDS CORP,*W EXP 10/31/202,03881F112,226,"OrderedDict([('sshPrnamt', '22352'), ('sshPrnamtType', 'SH')])",SOLE,"OrderedDict([('Sole', '22352'), ('Shared', '0'), ('None', '0')])",22352,SH,919085,2017-08-04,2017-06-30,PERRY CAPITAL
41,ARENA FORTIFY ACQUISITION CO,*W EXP 11/10/202,04005A112,1009,"OrderedDict([('sshPrnamt', '100000'), ('sshPrnamtType', 'SH')])",SOLE,"OrderedDict([('Sole', '100000'), ('Shared', '0'), ('None', '0')])",100000,SH,919085,2017-08-04,2017-06-30,PERRY CAPITAL
42,ARISZ ACQUISITION CORP,RIGHT 99/99/9999,040450124,90,"OrderedDict([('sshPrnamt', '1500000'), ('sshPrnamtType', 'SH')])",SOLE,"OrderedDict([('Sole', '1500000'), ('Shared', '0'), ('None', '0')])",1500000,SH,919085,2017-08-04,2017-06-30,PERRY CAPITAL
43,AROGO CAPITAL ACQUISITION CO,*W EXP 03/23/202,042644112,9434,"OrderedDict([('sshPrnamt', '950000'), ('sshPrnamtType', 'SH')])",SOLE,"OrderedDict([('Sole', '950000'), ('Shared', '0'), ('None', '0')])",950000,SH,919085,2017-08-04,2017-06-30,PERRY CAPITAL
44,AROGO CAPITAL ACQUISITION CO,CLASS A COM,042644104,4965,"OrderedDict([('sshPrnamt', '500000'), ('sshPrnamtType', 'SH')])",SOLE,"OrderedDict([('Sole', '500000'), ('Shared', '0'), ('None', '0')])",500000,SH,919085,2017-08-04,2017-06-30,PERRY CAPITAL
45,ARROWROOT ACQUISITION CORP,*W EXP 03/02/202,04282M110,4910,"OrderedDict([('sshPrnamt', '500000'), ('sshPrnamtType', 'SH')])",SOLE,"OrderedDict([('Sole', '500000'), ('Shared', '0'), ('None', '0')])",500000,SH,919085,2017-08-04,2017-06-30,PERRY CAPITAL
46,ARTEMIS STRATEGIC INVT CORP,COM CL A,04303A103,4975,"OrderedDict([('sshPrnamt', '500000'), ('sshPrnamtType', 'SH')])",SOLE,"OrderedDict([('Sole', '500000'), ('Shared', '0'), ('None', '0')])",500000,SH,919085,2017-08-04,2017-06-30,PERRY CAPITAL
47,ASTREA ACQUISITION CORP,*W EXP 01/28/202,04637C114,3202,"OrderedDict([('sshPrnamt', '325390'), ('sshPrnamtType', 'SH')])",SOLE,"OrderedDict([('Sole', '325390'), ('Shared', '0'), ('None', '0')])",325390,SH,919085,2017-08-04,2017-06-30,PERRY CAPITAL
48,ATHENA TECHNOLOGY ACQ CORP I,CL A COM,04687C105,1840,"OrderedDict([('sshPrnamt', '186379'), ('sshPrnamtType', 'SH')])",SOLE,"OrderedDict([('Sole', '186379'), ('Shared', '0'), ('None', '0')])",186379,SH,919085,2017-08-04,2017-06-30,PERRY CAPITAL
49,ATLANTIC COASTAL AQSTN CORP,*W EXP 01/13/202,04845A116,5010,"OrderedDict([('sshPrnamt', '500000'), ('sshPrnamtType', 'SH')])",SOLE,"OrderedDict([('Sole', '500000'), ('Shared', '0'), ('None', '0')])",500000,SH,919085,2017-08-04,2017-06-30,PERRY CAPITAL
50,AULT DISRUPTIVE TECHS CORP,*W EXP 99/99/999,05150A112,3024,"OrderedDict([('sshPrnamt', '300000'), ('sshPrnamtType', 'SH')])",SOLE,"OrderedDict([('Sole', '300000'), ('Shared', '0'), ('None', '0')])",300000,SH,919085,2017-08-04,2017-06-30,PERRY CAPITAL
51,AURA FAT PROJS ACQUISITION C,*W EXP 03/31/202,G06362126,9063,"OrderedDict([('sshPrnamt', '900000'), ('sshPrnamtType', 'SH')])",SOLE,"OrderedDict([('Sole', '900000'), ('Shared', '0'), ('None', '0')])",900000,SH,919085,2017-08-04,2017-06-30,PERRY CAPITAL
52,AURORA TECHNOLOGY ACQUISITIO,RIGHT 01/27/2027,G06984135,122,"OrderedDict([('sshPrnamt', '2030095'), ('sshPrnamtType', 'SH')])",SOLE,"OrderedDict([('Sole', '2030095'), ('Shared', '0'), ('None', '0')])",2030095,SH,919085,2017-08-04,2017-06-30,PERRY CAPITAL
53,AURORA TECHNOLOGY ACQUISITIO,*W EXP 01/27/202,G06984127,10322,"OrderedDict([('sshPrnamt', '1030095'), ('sshPrnamtType', 'SH')])",SOLE,"OrderedDict([('Sole', '1030095'), ('Shared', '0'), ('None', '0')])",1030095,SH,919085,2017-08-04,2017-06-30,PERRY CAPITAL
54,AVALON ACQUISITION INC,*W EXP 12/31/202,05338E119,7265,"OrderedDict([('sshPrnamt', '722914'), ('sshPrnamtType', 'SH')])",SOLE,"OrderedDict([('Sole', '722914'), ('Shared', '0'), ('None', '0')])",722914,SH,919085,2017-08-04,2017-06-30,PERRY CAPITAL
55,AXIOS SUSTAINABLE GRW ACQ CO,*W EXP 99/99/999,G0703K116,5055,"OrderedDict([('sshPrnamt', '500000'), ('sshPrnamtType', 'SH')])",SOLE,"OrderedDict([('Sole', '500000'), ('Shared', '0'), ('None', '0')])",500000,SH,919085,2017-08-04,2017-06-30,PERRY CAPITAL
56,AXIOS SUSTAINABLE GRW ACQ CO,RIGHT 99/99/9999,G0703K124,50,"OrderedDict([('sshPrnamt', '450000'), ('sshPrnamtType', 'SH')])",SOLE,"OrderedDict([('Sole', '450000'), ('Shared', '0'), ('None', '0')])",450000,SH,919085,2017-08-04,2017-06-30,PERRY CAPITAL
57,AXONPRIME INFRSTCTR AQSTN CO,CLASS A COM,05467C108,4365,"OrderedDict([('sshPrnamt', '450000'), ('sshPrnamtType', 'SH')])",SOLE,"OrderedDict([('Sole', '450000'), ('Shared', '0'), ('None', '0')])",450000,SH,919085,2017-08-04,2017-06-30,PERRY CAPITAL
58,BANNER ACQUISITION CORP,*W EXP 09/07/202,06654K119,225,"OrderedDict([('sshPrnamt', '22752'), ('sshPrnamtType', 'SH')])",SOLE,"OrderedDict([('Sole', '22752'), ('Shared', '0'), ('None', '0')])",22752,SH,919085,2017-08-04,2017-06-30,PERRY CAPITAL
59,BANNER ACQUISITION CORP,CLASS A COM,06654K101,168,"OrderedDict([('sshPrnamt', '16957'), ('sshPrnamtType', 'SH')])",SOLE,"OrderedDict([('Sole', '16957'), ('Shared', '0'), ('None', '0')])",16957,SH,919085,2017-08-04,2017-06-30,PERRY CAPITAL
60,BANNIX ACQUISITION CORP,RIGHT 07/31/2026,066644121,105,"OrderedDict([('sshPrnamt', '1500000'), ('sshPrnamtType', 'SH')])",SOLE,"OrderedDict([('Sole', '1500000'), ('Shared', '0'), ('None', '0')])",1500000,SH,919085,2017-08-04,2017-06-30,PERRY CAPITAL
61,BANYAN ACQUISITION CORPORATI,*W EXP 09/30/202,06690B115,3960,"OrderedDict([('sshPrnamt', '396428'), ('sshPrnamtType', 'SH')])",SOLE,"OrderedDict([('Sole', '396428'), ('Shared', '0'), ('None', '0')])",396428,SH,919085,2017-08-04,2017-06-30,PERRY CAPITAL
62,BATH & BODY WORKS INC,COM,070830104,18155,"OrderedDict([('sshPrnamt', '556904'), ('sshPrnamtType', 'SH')])",SOLE,"OrderedDict([('Sole', '556904'), ('Shared', '0'), ('None', '0')])",556904,SH,919085,2017-08-04,2017-06-30,PERRY CAPITAL
63,BAUSCH PLUS LOMB CORP,COMMON SHARES,071705107,12008,"OrderedDict([('sshPrnamt', '782774'), ('sshPrnamtType', 'SH')])",SOLE,"OrderedDict([('Sole', '782774'), ('Shared', '0'), ('None', '0')])",782774,SH,919085,2017-08-04,2017-06-30,PERRY CAPITAL
64,BEARD ENERGY TRANSITION ACQ,CL A COM,07402Q101,1620,"OrderedDict([('sshPrnamt', '161800'), ('sshPrnamtType', 'SH')])",SOLE,"OrderedDict([('Sole', '161800'), ('Shared', '0'), ('None', '0')])",161800,SH,919085,2017-08-04,2017-06-30,PERRY CAPITAL
65,BELONG ACQUISITION CORP,*W EXP 03/23/202,08069M110,196,"OrderedDict([('sshPrnamt', '19900'), ('sshPrnamtType', 'SH')])",SOLE,"OrderedDict([('Sole', '19900'), ('Shared', '0'), ('None', '0')])",19900,SH,919085,2017-08-04,2017-06-30,PERRY CAPITAL
66,BENESSERE CAPITAL ACQUSTN CO,RIGHT 99/99/9999,08179B129,203,"OrderedDict([('sshPrnamt', '1500000'), ('sshPrnamtType', 'SH')])",SOLE,"OrderedDict([('Sole', '1500000'), ('Shared', '0'), ('None', '0')])",1500000,SH,919085,2017-08-04,2017-06-30,PERRY CAPITAL
67,BIG SKY GROWTH PARTNERS INC,*W EXP 04/01/202,08954L110,176,"OrderedDict([('sshPrnamt', '18009'), ('sshPrnamtType', 'SH')])",SOLE,"OrderedDict([('Sole', '18009'), ('Shared', '0'), ('None', '0')])",18009,SH,919085,2017-08-04,2017-06-30,PERRY CAPITAL
68,BILANDER ACQUISITION CORP,CL A COM,09001T106,4367,"OrderedDict([('sshPrnamt', '450000'), ('sshPrnamtType', 'SH')])",SOLE,"OrderedDict([('Sole', '450000'), ('Shared', '0'), ('None', '0')])",450000,SH,919085,2017-08-04,2017-06-30,PERRY CAPITAL
69,BIOHAVEN PHARMACTL HLDG CO L,COM,G11196105,13244,"OrderedDict([('sshPrnamt', '89182'), ('sshPrnamtType', 'SH')])",SOLE,"OrderedDict([('Sole', '89182'), ('Shared', '0'), ('None', '0')])",89182,SH,919085,2017-08-04,2017-06-30,PERRY CAPITAL
70,BLACK KNIGHT INC,COM,09215C105,11185,"OrderedDict([('sshPrnamt', '172788'), ('sshPrnamtType', 'SH')])",SOLE,"OrderedDict([('Sole', '172788'), ('Shared', '0'), ('None', '0')])",172788,SH,919085,2017-08-04,2017-06-30,PERRY CAPITAL
71,BLACK SPADE ACQUISITION CO,SHS CL A,G11537100,1958,"OrderedDict([('sshPrnamt', '200000'), ('sshPrnamtType', 'SH')])",SOLE,"OrderedDict([('Sole', '200000'), ('Shared', '0'), ('None', '0')])",200000,SH,919085,2017-08-04,2017-06-30,PERRY CAPITAL
72,BLACKROCK CAP ALLOCATION TR,COM,09260U109,5317,"OrderedDict([('sshPrnamt', '390667'), ('sshPrnamtType', 'SH')])",SOLE,"OrderedDict([('Sole', '390667'), ('Shared', '0'), ('None', '0')])",390667,SH,919085,2017-08-04,2017-06-30,PERRY CAPITAL
73,BLACKROCK INNOVATION AND GRW,SHS BEN INT,09260Q108,5316,"OrderedDict([('sshPrnamt', '731181'), ('sshPrnamtType', 'SH')])",SOLE,"OrderedDict([('Sole', '731181'), ('Shared', '0'), ('None', '0')])",731181,SH,919085,2017-08-04,2017-06-30,PERRY CAPITAL
74,BLEUACACIA LTD,RIGHT 10/30/2026,G11728139,69,"OrderedDict([('sshPrnamt', '685980'), ('sshPrnamtType', 'SH')])",SOLE,"OrderedDict([('Sole', '685980'), ('Shared', '0'), ('None', '0')])",685980,SH,919085,2017-08-04,2017-06-30,PERRY CAPITAL
75,BLEUACACIA LTD,*W EXP 10/30/202,G11728113,2409,"OrderedDict([('sshPrnamt', '244297'), ('sshPrnamtType', 'SH')])",SOLE,"OrderedDict([('Sole', '244297'), ('Shared', '0'), ('None', '0')])",244297,SH,919085,2017-08-04,2017-06-30,PERRY CAPITAL
76,BLOCKCHAIN COINVSTRS ACQ CRP,*W EXP 11/01/202,G11765115,3430,"OrderedDict([('sshPrnamt', '340317'), ('sshPrnamtType', 'SH')])",SOLE,"OrderedDict([('Sole', '340317'), ('Shared', '0'), ('None', '0')])",340317,SH,919085,2017-08-04,2017-06-30,PERRY CAPITAL
77,BLOCKCHAIN MOON ACQUISITN CO,RIGHT 10/14/2026,09370F117,89,"OrderedDict([('sshPrnamt', '1500000'), ('sshPrnamtType', 'SH')])",SOLE,"OrderedDict([('Sole', '1500000'), ('Shared', '0'), ('None', '0')])",1500000,SH,919085,2017-08-04,2017-06-30,PERRY CAPITAL
78,BLUE SAFARI GRP ACQUISITN CO,RIGHT 09/24/2026,G1195R130,76,"OrderedDict([('sshPrnamt', '762699'), ('sshPrnamtType', 'SH')])",SOLE,"OrderedDict([('Sole', '762699'), ('Shared', '0'), ('None', '0')])",762699,SH,919085,2017-08-04,2017-06-30,PERRY CAPITAL
79,BLUE WHALE ACQUISITION CORP,CLASS A ORD SHS,G1330M103,4356,"OrderedDict([('sshPrnamt', '450000'), ('sshPrnamtType', 'SH')])",SOLE,"OrderedDict([('Sole', '450000'), ('Shared', '0'), ('None', '0')])",450000,SH,919085,2017-08-04,2017-06-30,PERRY CAPITAL
80,BLUE WORLD ACQUISITION CORP,*W EXP 01/10/202,G1263E136,6528,"OrderedDict([('sshPrnamt', '650852'), ('sshPrnamtType', 'SH')])",SOLE,"OrderedDict([('Sole', '650852'), ('Shared', '0'), ('None', '0')])",650852,SH,919085,2017-08-04,2017-06-30,PERRY CAPITAL
81,BLUE WORLD ACQUISITION CORP,RIGHT 08/29/2029,G1263E110,144,"OrderedDict([('sshPrnamt', '1801704'), ('sshPrnamtType', 'SH')])",SOLE,"OrderedDict([('Sole', '1801704'), ('Shared', '0'), ('None', '0')])",1801704,SH,919085,2017-08-04,2017-06-30,PERRY CAPITAL
82,BREAD FINANCIAL HOLDINGS INC,COM,018581108,17192,"OrderedDict([('sshPrnamt', '546654'), ('sshPrnamtType', 'SH')])",SOLE,"OrderedDict([('Sole', '546654'), ('Shared', '0'), ('None', '0')])",546654,SH,919085,2017-08-04,2017-06-30,PERRY CAPITAL
83,BRIGHT LIGHTS ACQUISITION CO,*W EXP 01/01/202,10920K119,3021,"OrderedDict([('sshPrnamt', '304866'), ('sshPrnamtType', 'SH')])",SOLE,"OrderedDict([('Sole', '304866'), ('Shared', '0'), ('None', '0')])",304866,SH,919085,2017-08-04,2017-06-30,PERRY CAPITAL
84,BRIGHTSPHERE INVT GROUP INC,COM,10948W103,16647,"OrderedDict([('sshPrnamt', '1116520'), ('sshPrnamtType', 'SH')])",SOLE,"OrderedDict([('Sole', '1116520'), ('Shared', '0'), ('None', '0')])",1116520,SH,919085,2017-08-04,2017-06-30,PERRY CAPITAL
85,BRILLIANT ACQUISITION CORP,*W EXP 03/31/202,G1643W129,5285,"OrderedDict([('sshPrnamt', '500000'), ('sshPrnamtType', 'SH')])",SOLE,"OrderedDict([('Sole', '500000'), ('Shared', '0'), ('None', '0')])",500000,SH,919085,2017-08-04,2017-06-30,PERRY CAPITAL
86,BROAD CAPITAL ACQUISITION CO,RIGHT 01/10/2027,11125B110,150,"OrderedDict([('sshPrnamt', '1500000'), ('sshPrnamtType', 'SH')])",SOLE,"OrderedDict([('Sole', '1500000'), ('Shared', '0'), ('None', '0')])",1500000,SH,919085,2017-08-04,2017-06-30,PERRY CAPITAL
87,BULLPEN PARLAY ACQUISITION C,*W EXP 12/03/202,G1792A118,2410,"OrderedDict([('sshPrnamt', '239094'), ('sshPrnamtType', 'SH')])",SOLE,"OrderedDict([('Sole', '239094'), ('Shared', '0'), ('None', '0')])",239094,SH,919085,2017-08-04,2017-06-30,PERRY CAPITAL
88,BURTECH ACQUISITION CORP,*W EXP 12/18/202,123013112,9510,"OrderedDict([('sshPrnamt', '950000'), ('sshPrnamtType', 'SH')])",SOLE,"OrderedDict([('Sole', '950000'), ('Shared', '0'), ('None', '0')])",950000,SH,919085,2017-08-04,2017-06-30,PERRY CAPITAL
89,BYNORDIC ACQUISITION CORP,*W EXP 07/01/202,124420118,633,"OrderedDict([('sshPrnamt', '63028'), ('sshPrnamtType', 'SH')])",SOLE,"OrderedDict([('Sole', '63028'), ('Shared', '0'), ('None', '0')])",63028,SH,919085,2017-08-04,2017-06-30,PERRY CAPITAL
90,BYNORDIC ACQUISITION CORP,CLASS A COM,124420100,714,"OrderedDict([('sshPrnamt', '70997'), ('sshPrnamtType', 'SH')])",SOLE,"OrderedDict([('Sole', '70997'), ('Shared', '0'), ('None', '0')])",70997,SH,919085,2017-08-04,2017-06-30,PERRY CAPITAL
91,BYTE ACQUISITION CORP,*W EXP 03/18/202,G1R25Q113,4599,"OrderedDict([('sshPrnamt', '464511'), ('sshPrnamtType', 'SH')])",SOLE,"OrderedDict([('Sole', '464511'), ('Shared', '0'), ('None', '0')])",464511,SH,919085,2017-08-04,2017-06-30,PERRY CAPITAL
92,CACTUS ACQUISITION CORP 1 LT,*W EXP 08/17/202,G1745A124,265,"OrderedDict([('sshPrnamt', '26399'), ('sshPrnamtType', 'SH')])",SOLE,"OrderedDict([('Sole', '26399'), ('Shared', '0'), ('None', '0')])",26399,SH,919085,2017-08-04,2017-06-30,PERRY CAPITAL
93,CANNA GLOBAL ACQUISITION COR,*W EXP 11/30/202,13767K119,9161,"OrderedDict([('sshPrnamt', '906104'), ('sshPrnamtType', 'SH')])",SOLE,"OrderedDict([('Sole', '906104'), ('Shared', '0'), ('None', '0')])",906104,SH,919085,2017-08-04,2017-06-30,PERRY CAPITAL
94,CAPITALWORKS EMNG MKTS ACQST,*W EXP 11/19/202,G1889L126,2050,"OrderedDict([('sshPrnamt', '202771'), ('sshPrnamtType', 'SH')])",SOLE,"OrderedDict([('Sole', '202771'), ('Shared', '0'), ('None', '0')])",202771,SH,919085,2017-08-04,2017-06-30,PERRY CAPITAL
95,CARTESIAN GROWTH CORP II,CLASS A ORD,G19305112,4527,"OrderedDict([('sshPrnamt', '450000'), ('sshPrnamtType', 'SH')])",SOLE,"OrderedDict([('Sole', '450000'), ('Shared', '0'), ('None', '0')])",450000,SH,919085,2017-08-04,2017-06-30,PERRY CAPITAL
96,CHAVANT CAPITAL ACQUISITN CO,*W EXP 99/99/999,G2058L111,361,"OrderedDict([('sshPrnamt', '35829'), ('sshPrnamtType', 'SH')])",SOLE,"OrderedDict([('Sole', '35829'), ('Shared', '0'), ('None', '0')])",35829,SH,919085,2017-08-04,2017-06-30,PERRY CAPITAL
97,CHENGHE ACQUISITION CO,CLASS A ORD,G2086M107,4532,"OrderedDict([('sshPrnamt', '450000'), ('sshPrnamtType', 'SH')])",SOLE,"OrderedDict([('Sole', '450000'), ('Shared', '0'), ('None', '0')])",450000,SH,919085,2017-08-04,2017-06-30,PERRY CAPITAL
98,CIA ENERGETICA DE MINAS GERA,SP ADR N-V PFD,204409601,15170,"OrderedDict([('sshPrnamt', '7510055'), ('sshPrnamtType', 'SH')])",SOLE,"OrderedDict([('Sole', '7510055'), ('Shared', '0'), ('None', '0')])",7510055,SH,919085,2017-08-04,2017-06-30,PERRY CAPITAL
99,CLASS ACCELERATION CORP,*W EXP 03/31/202,18274B114,4940,"OrderedDict([('sshPrnamt', '500000'), ('sshPrnamtType', 'SH')])",SOLE,"OrderedDict([('Sole', '500000'), ('Shared', '0'), ('None', '0')])",500000,SH,919085,2017-08-04,2017-06-30,PERRY CAPITAL
100,CLEAN EARTH ACQUISITIONS COR,RIGHT 01/01/2027,184493120,406,"OrderedDict([('sshPrnamt', '1843313'), ('sshPrnamtType', 'SH')])",SOLE,"OrderedDict([('Sole', '1843313'), ('Shared', '0'), ('None', '0')])",1843313,SH,919085,2017-08-04,2017-06-30,PERRY CAPITAL
101,CLIMATEROCK,*W EXP 04/25/202,G2311X118,6494,"OrderedDict([('sshPrnamt', '650000'), ('sshPrnamtType', 'SH')])",SOLE,"OrderedDict([('Sole', '650000'), ('Shared', '0'), ('None', '0')])",650000,SH,919085,2017-08-04,2017-06-30,PERRY CAPITAL
102,CLIMATEROCK,RIGHT 10/31/2028,G2311X134,234,"OrderedDict([('sshPrnamt', '1800000'), ('sshPrnamtType', 'SH')])",SOLE,"OrderedDict([('Sole', '1800000'), ('Shared', '0'), ('None', '0')])",1800000,SH,919085,2017-08-04,2017-06-30,PERRY CAPITAL
103,CLOVER LEAF CAPITAL CORP,RIGHT 05/31/2028,18915E121,69,"OrderedDict([('sshPrnamt', '1500000'), ('sshPrnamtType', 'SH')])",SOLE,"OrderedDict([('Sole', '1500000'), ('Shared', '0'), ('None', '0')])",1500000,SH,919085,2017-08-04,2017-06-30,PERRY CAPITAL
104,CNH INDL N V,SHS,N20944109,14748,"OrderedDict([('sshPrnamt', '1320351'), ('sshPrnamtType', 'SH')])",SOLE,"OrderedDict([('Sole', '1320351'), ('Shared', '0'), ('None', '0')])",1320351,SH,919085,2017-08-04,2017-06-30,PERRY CAPITAL
105,COLOMBIER ACQUISITION CORP,CL A,19533H108,2285,"OrderedDict([('sshPrnamt', '234125'), ('sshPrnamtType', 'SH')])",SOLE,"OrderedDict([('Sole', '234125'), ('Shared', '0'), ('None', '0')])",234125,SH,919085,2017-08-04,2017-06-30,PERRY CAPITAL
106,COMPASS DIGITAL ACQUISITN CO,CLASS A ORD,G2476C107,4397,"OrderedDict([('sshPrnamt', '450000'), ('sshPrnamtType', 'SH')])",SOLE,"OrderedDict([('Sole', '450000'), ('Shared', '0'), ('None', '0')])",450000,SH,919085,2017-08-04,2017-06-30,PERRY CAPITAL
107,CONCORD ACQUISITION CORP II,COM CL A,20607U108,4361,"OrderedDict([('sshPrnamt', '450000'), ('sshPrnamtType', 'SH')])",SOLE,"OrderedDict([('Sole', '450000'), ('Shared', '0'), ('None', '0')])",450000,SH,919085,2017-08-04,2017-06-30,PERRY CAPITAL
108,CONSILIUM ACQUISITN CORP I L,*W EXP 06/01/202,G2365L119,4950,"OrderedDict([('sshPrnamt', '500000'), ('sshPrnamtType', 'SH')])",SOLE,"OrderedDict([('Sole', '500000'), ('Shared', '0'), ('None', '0')])",500000,SH,919085,2017-08-04,2017-06-30,PERRY CAPITAL
109,CONSILIUM ACQUISITN CORP I L,RIGHT 07/01/2023,G2365L127,176,"OrderedDict([('sshPrnamt', '1950000'), ('sshPrnamtType', 'SH')])",SOLE,"OrderedDict([('Sole', '1950000'), ('Shared', '0'), ('None', '0')])",1950000,SH,919085,2017-08-04,2017-06-30,PERRY CAPITAL
110,CONYERS PARK III ACQSITN COR,CLASS A COM,21289P102,4374,"OrderedDict([('sshPrnamt', '450000'), ('sshPrnamtType', 'SH')])",SOLE,"OrderedDict([('Sole', '450000'), ('Shared', '0'), ('None', '0')])",450000,SH,919085,2017-08-04,2017-06-30,PERRY CAPITAL
111,CORSAIR PARTNERING CORP,SHS CL A,G2540H108,578,"OrderedDict([('sshPrnamt', '59014'), ('sshPrnamtType', 'SH')])",SOLE,"OrderedDict([('Sole', '59014'), ('Shared', '0'), ('None', '0')])",59014,SH,919085,2017-08-04,2017-06-30,PERRY CAPITAL
112,COVA ACQUISITION CORP,*W EXP 02/05/202,G2554Y120,4647,"OrderedDict([('sshPrnamt', '467279'), ('sshPrnamtType', 'SH')])",SOLE,"OrderedDict([('Sole', '467279'), ('Shared', '0'), ('None', '0')])",467279,SH,919085,2017-08-04,2017-06-30,PERRY CAPITAL
113,CRESCERA CAP ACQUISITION COR,*W EXP 11/18/202,G26507114,2179,"OrderedDict([('sshPrnamt', '217444'), ('sshPrnamtType', 'SH')])",SOLE,"OrderedDict([('Sole', '217444'), ('Shared', '0'), ('None', '0')])",217444,SH,919085,2017-08-04,2017-06-30,PERRY CAPITAL
114,CRESCERA CAP ACQUISITION COR,CLASS A ORD SHS,G26507106,193,"OrderedDict([('sshPrnamt', '19300'), ('sshPrnamtType', 'SH')])",SOLE,"OrderedDict([('Sole', '19300'), ('Shared', '0'), ('None', '0')])",19300,SH,919085,2017-08-04,2017-06-30,PERRY CAPITAL
115,DA32 LIFE SCNCE TEC ACQSTN C,CLASS A COM,23312M106,4379,"OrderedDict([('sshPrnamt', '450000'), ('sshPrnamtType', 'SH')])",SOLE,"OrderedDict([('Sole', '450000'), ('Shared', '0'), ('None', '0')])",450000,SH,919085,2017-08-04,2017-06-30,PERRY CAPITAL
116,DATA KNIGHTS ACQUISITION COR,*W EXP 11/11/202,237699111,5180,"OrderedDict([('sshPrnamt', '500000'), ('sshPrnamtType', 'SH')])",SOLE,"OrderedDict([('Sole', '500000'), ('Shared', '0'), ('None', '0')])",500000,SH,919085,2017-08-04,2017-06-30,PERRY CAPITAL
117,DEEP LAKE CAPITAL ACQUSTN CO,*W EXP 01/04/202,G27029118,1839,"OrderedDict([('sshPrnamt', '184800'), ('sshPrnamtType', 'SH')])",SOLE,"OrderedDict([('Sole', '184800'), ('Shared', '0'), ('None', '0')])",184800,SH,919085,2017-08-04,2017-06-30,PERRY CAPITAL
118,DEEP MEDICINE ACQUISITION CO,RIGHT 09/30/2028,243733110,59,"OrderedDict([('sshPrnamt', '1500000'), ('sshPrnamtType', 'SH')])",SOLE,"OrderedDict([('Sole', '1500000'), ('Shared', '0'), ('None', '0')])",1500000,SH,919085,2017-08-04,2017-06-30,PERRY CAPITAL
119,DELL TECHNOLOGIES INC,CL C,24703L202,14072,"OrderedDict([('sshPrnamt', '411813'), ('sshPrnamtType', 'SH')])",SOLE,"OrderedDict([('Sole', '411813'), ('Shared', '0'), ('None', '0')])",411813,SH,919085,2017-08-04,2017-06-30,PERRY CAPITAL
120,DENALI CAPITAL ACQUISITN COR,*W EXP 03/28/202,G6256B114,2827,"OrderedDict([('sshPrnamt', '280689'), ('sshPrnamtType', 'SH')])",SOLE,"OrderedDict([('Sole', '280689'), ('Shared', '0'), ('None', '0')])",280689,SH,919085,2017-08-04,2017-06-30,PERRY CAPITAL
121,DHB CAPITAL CORP,*W EXP 03/31/202,23291W117,795,"OrderedDict([('sshPrnamt', '80841'), ('sshPrnamtType', 'SH')])",SOLE,"OrderedDict([('Sole', '80841'), ('Shared', '0'), ('None', '0')])",80841,SH,919085,2017-08-04,2017-06-30,PERRY CAPITAL
122,DILA CAPITAL ACQUISITION COR,*W EXP 06/09/202,254028111,119,"OrderedDict([('sshPrnamt', '11986'), ('sshPrnamtType', 'SH')])",SOLE,"OrderedDict([('Sole', '11986'), ('Shared', '0'), ('None', '0')])",11986,SH,919085,2017-08-04,2017-06-30,PERRY CAPITAL
123,DUET ACQUISITION CORP,*W EXP 07/19/202,26431Q114,7425,"OrderedDict([('sshPrnamt', '750000'), ('sshPrnamtType', 'SH')])",SOLE,"OrderedDict([('Sole', '750000'), ('Shared', '0'), ('None', '0')])",750000,SH,919085,2017-08-04,2017-06-30,PERRY CAPITAL
124,DUET ACQUISITION CORP,CLASS A COM,26431Q106,4455,"OrderedDict([('sshPrnamt', '450000'), ('sshPrnamtType', 'SH')])",SOLE,"OrderedDict([('Sole', '450000'), ('Shared', '0'), ('None', '0')])",450000,SH,919085,2017-08-04,2017-06-30,PERRY CAPITAL
125,EAST STONE ACQUISITION CORP,RIGHT 02/24/2027,G2911D132,14,"OrderedDict([('sshPrnamt', '50100'), ('sshPrnamtType', 'SH')])",SOLE,"OrderedDict([('Sole', '50100'), ('Shared', '0'), ('None', '0')])",50100,SH,919085,2017-08-04,2017-06-30,PERRY CAPITAL
126,EDIFY ACQUISITION CORP,*W EXP 11/25/202,28059Q111,4553,"OrderedDict([('sshPrnamt', '460373'), ('sshPrnamtType', 'SH')])",SOLE,"OrderedDict([('Sole', '460373'), ('Shared', '0'), ('None', '0')])",460373,SH,919085,2017-08-04,2017-06-30,PERRY CAPITAL
127,EDOC ACQUISITION CORP,*W EXP 11/30/202,G4000A110,983,"OrderedDict([('sshPrnamt', '191073'), ('sshPrnamtType', 'SH')])",SOLE,"OrderedDict([('Sole', '191073'), ('Shared', '0'), ('None', '0')])",191073,SH,919085,2017-08-04,2017-06-30,PERRY CAPITAL
128,EDOC ACQUISITION CORP,RIGHT 11/30/2027,G4000A136,105,"OrderedDict([('sshPrnamt', '1500000'), ('sshPrnamtType', 'SH')])",SOLE,"OrderedDict([('Sole', '1500000'), ('Shared', '0'), ('None', '0')])",1500000,SH,919085,2017-08-04,2017-06-30,PERRY CAPITAL
129,EDTECHX HOLDINGS ACQU CORP I,*W EXP 06/15/202,28139A110,3360,"OrderedDict([('sshPrnamt', '328416'), ('sshPrnamtType', 'SH')])",SOLE,"OrderedDict([('Sole', '328416'), ('Shared', '0'), ('None', '0')])",328416,SH,919085,2017-08-04,2017-06-30,PERRY CAPITAL
130,EF HUTTON ACQUISITION CORP I,UNIT 11/18/2027,28201D208,9900,"OrderedDict([('sshPrnamt', '990000'), ('sshPrnamtType', 'SH')])",SOLE,"OrderedDict([('Sole', '990000'), ('Shared', '0'), ('None', '0')])",990000,SH,919085,2017-08-04,2017-06-30,PERRY CAPITAL
131,EMBRACE CHANGE ACQUISITN COR,UNIT 03/17/2027,G3034H133,1265,"OrderedDict([('sshPrnamt', '125000'), ('sshPrnamtType', 'SH')])",SOLE,"OrderedDict([('Sole', '125000'), ('Shared', '0'), ('None', '0')])",125000,SH,919085,2017-08-04,2017-06-30,PERRY CAPITAL
132,EMERGING MARKETS HORIZON COR,*W EXP 11/16/202,G3033X121,6010,"OrderedDict([('sshPrnamt', '601000'), ('sshPrnamtType', 'SH')])",SOLE,"OrderedDict([('Sole', '601000'), ('Shared', '0'), ('None', '0')])",601000,SH,919085,2017-08-04,2017-06-30,PERRY CAPITAL
133,EMPOWERMENT & INCLUSION CAPI,*W EXP 01/12/202,29248N118,4940,"OrderedDict([('sshPrnamt', '500000'), ('sshPrnamtType', 'SH')])",SOLE,"OrderedDict([('Sole', '500000'), ('Shared', '0'), ('None', '0')])",500000,SH,919085,2017-08-04,2017-06-30,PERRY CAPITAL
134,ENERGEM CORP,*W EXP 11/15/202,G30449121,2516,"OrderedDict([('sshPrnamt', '247997'), ('sshPrnamtType', 'SH')])",SOLE,"OrderedDict([('Sole', '247997'), ('Shared', '0'), ('None', '0')])",247997,SH,919085,2017-08-04,2017-06-30,PERRY CAPITAL
135,ENOVA INTL INC,COM,29357K103,14452,"OrderedDict([('sshPrnamt', '493755'), ('sshPrnamtType', 'SH')])",SOLE,"OrderedDict([('Sole', '493755'), ('Shared', '0'), ('None', '0')])",493755,SH,919085,2017-08-04,2017-06-30,PERRY CAPITAL
136,ENPHYS ACQUISITION CORP,CL A ORD SHS,G3167L109,4390,"OrderedDict([('sshPrnamt', '450000'), ('sshPrnamtType', 'SH')])",SOLE,"OrderedDict([('Sole', '450000'), ('Shared', '0'), ('None', '0')])",450000,SH,919085,2017-08-04,2017-06-30,PERRY CAPITAL
137,EPIPHANY TECHNOLOGY ACQUISIT,*W EXP 01/12/202,29429X117,4940,"OrderedDict([('sshPrnamt', '500000'), ('sshPrnamtType', 'SH')])",SOLE,"OrderedDict([('Sole', '500000'), ('Shared', '0'), ('None', '0')])",500000,SH,919085,2017-08-04,2017-06-30,PERRY CAPITAL
138,EQ HEALTH ACQUISITION CORP,*W EXP 02/02/202,26886A119,1639,"OrderedDict([('sshPrnamt', '165994'), ('sshPrnamtType', 'SH')])",SOLE,"OrderedDict([('Sole', '165994'), ('Shared', '0'), ('None', '0')])",165994,SH,919085,2017-08-04,2017-06-30,PERRY CAPITAL
139,ESAB CORPORATION,COM,29605J106,11253,"OrderedDict([('sshPrnamt', '337333'), ('sshPrnamtType', 'SH')])",SOLE,"OrderedDict([('Sole', '337333'), ('Shared', '0'), ('None', '0')])",337333,SH,919085,2017-08-04,2017-06-30,PERRY CAPITAL
140,EVEREST CONSOLIDATOR ACQ COR,*W EXP 99/99/999,29978K110,2879,"OrderedDict([('sshPrnamt', '286430'), ('sshPrnamtType', 'SH')])",SOLE,"OrderedDict([('Sole', '286430'), ('Shared', '0'), ('None', '0')])",286430,SH,919085,2017-08-04,2017-06-30,PERRY CAPITAL
141,EVERGREEN CORPORATION,*W EXP 02/08/202,G3312W117,9576,"OrderedDict([('sshPrnamt', '950000'), ('sshPrnamtType', 'SH')])",SOLE,"OrderedDict([('Sole', '950000'), ('Shared', '0'), ('None', '0')])",950000,SH,919085,2017-08-04,2017-06-30,PERRY CAPITAL
142,EXTERRAN CORP,COM,30227H106,5495,"OrderedDict([('sshPrnamt', '1320809'), ('sshPrnamtType', 'SH')])",SOLE,"OrderedDict([('Sole', '1320809'), ('Shared', '0'), ('None', '0')])",1320809,SH,919085,2017-08-04,2017-06-30,PERRY CAPITAL
143,FAST ACQUISITION CORP II,CL A,311874101,175,"OrderedDict([('sshPrnamt', '17820'), ('sshPrnamtType', 'SH')])",SOLE,"OrderedDict([('Sole', '17820'), ('Shared', '0'), ('None', '0')])",17820,SH,919085,2017-08-04,2017-06-30,PERRY CAPITAL
144,FEUTUNE LIGHT ACQUISITION CO,CL A COM,31561T102,3500,"OrderedDict([('sshPrnamt', '350749'), ('sshPrnamtType', 'SH')])",SOLE,"OrderedDict([('Sole', '350749'), ('Shared', '0'), ('None', '0')])",350749,SH,919085,2017-08-04,2017-06-30,PERRY CAPITAL
145,FEUTUNE LIGHT ACQUISITION CO,RIGHT 06/01/2029,31561T128,111,"OrderedDict([('sshPrnamt', '1850749'), ('sshPrnamtType', 'SH')])",SOLE,"OrderedDict([('Sole', '1850749'), ('Shared', '0'), ('None', '0')])",1850749,SH,919085,2017-08-04,2017-06-30,PERRY CAPITAL
146,FEUTUNE LIGHT ACQUISITION CO,*W EXP 06/01/202,31561T110,8490,"OrderedDict([('sshPrnamt', '850749'), ('sshPrnamtType', 'SH')])",SOLE,"OrderedDict([('Sole', '850749'), ('Shared', '0'), ('None', '0')])",850749,SH,919085,2017-08-04,2017-06-30,PERRY CAPITAL
147,FG MERGER CORP,*W EXP 06/17/202,30324Y119,4013,"OrderedDict([('sshPrnamt', '400495'), ('sshPrnamtType', 'SH')])",SOLE,"OrderedDict([('Sole', '400495'), ('Shared', '0'), ('None', '0')])",400495,SH,919085,2017-08-04,2017-06-30,PERRY CAPITAL
148,FG MERGER CORP,COMMON STOCK,30324Y101,3006,"OrderedDict([('sshPrnamt', '300000'), ('sshPrnamtType', 'SH')])",SOLE,"OrderedDict([('Sole', '300000'), ('Shared', '0'), ('None', '0')])",300000,SH,919085,2017-08-04,2017-06-30,PERRY CAPITAL
149,FINANCIAL STRATEGIES ACQUISI,RIGHT 07/01/2023,31772T123,75,"OrderedDict([('sshPrnamt', '1500000'), ('sshPrnamtType', 'SH')])",SOLE,"OrderedDict([('Sole', '1500000'), ('Shared', '0'), ('None', '0')])",1500000,SH,919085,2017-08-04,2017-06-30,PERRY CAPITAL
150,FINANCIAL STRATEGIES ACQUISI,*W EXP 03/31/202,31772T115,5015,"OrderedDict([('sshPrnamt', '500000'), ('sshPrnamtType', 'SH')])",SOLE,"OrderedDict([('Sole', '500000'), ('Shared', '0'), ('None', '0')])",500000,SH,919085,2017-08-04,2017-06-30,PERRY CAPITAL
151,FINNOVATE ACQUISITION CORP,*W EXP 09/30/202,G3R34K111,8249,"OrderedDict([('sshPrnamt', '817534'), ('sshPrnamtType', 'SH')])",SOLE,"OrderedDict([('Sole', '817534'), ('Shared', '0'), ('None', '0')])",817534,SH,919085,2017-08-04,2017-06-30,PERRY CAPITAL
152,FIRST HORIZON CORPORATION,COM,320517105,17311,"OrderedDict([('sshPrnamt', '755948'), ('sshPrnamtType', 'SH')])",SOLE,"OrderedDict([('Sole', '755948'), ('Shared', '0'), ('None', '0')])",755948,SH,919085,2017-08-04,2017-06-30,PERRY CAPITAL
153,FLUOR CORP NEW,COM,343412102,14632,"OrderedDict([('sshPrnamt', '587883'), ('sshPrnamtType', 'SH')])",SOLE,"OrderedDict([('Sole', '587883'), ('Shared', '0'), ('None', '0')])",587883,SH,919085,2017-08-04,2017-06-30,PERRY CAPITAL
154,FOCUS IMPACT ACQUISITION COR,*W EXP 10/28/202,34417L117,1786,"OrderedDict([('sshPrnamt', '178252'), ('sshPrnamtType', 'SH')])",SOLE,"OrderedDict([('Sole', '178252'), ('Shared', '0'), ('None', '0')])",178252,SH,919085,2017-08-04,2017-06-30,PERRY CAPITAL
155,FORTUNE BRANDS HOME & SEC IN,COM,34964C106,14110,"OrderedDict([('sshPrnamt', '262805'), ('sshPrnamtType', 'SH')])",SOLE,"OrderedDict([('Sole', '262805'), ('Shared', '0'), ('None', '0')])",262805,SH,919085,2017-08-04,2017-06-30,PERRY CAPITAL
156,FRONTIER INVESTMENT CORP,*W EXP 06/29/202,G36816125,445,"OrderedDict([('sshPrnamt', '45215'), ('sshPrnamtType', 'SH')])",SOLE,"OrderedDict([('Sole', '45215'), ('Shared', '0'), ('None', '0')])",45215,SH,919085,2017-08-04,2017-06-30,PERRY CAPITAL
157,FTAC EMERALD ACQUISITION COR,CLASS A COM,29103K100,4415,"OrderedDict([('sshPrnamt', '450000'), ('sshPrnamtType', 'SH')])",SOLE,"OrderedDict([('Sole', '450000'), ('Shared', '0'), ('None', '0')])",450000,SH,919085,2017-08-04,2017-06-30,PERRY CAPITAL
158,FTAC ZEUS ACQUISITION COR,CLASS A COM,30320F106,2615,"OrderedDict([('sshPrnamt', '260237'), ('sshPrnamtType', 'SH')])",SOLE,"OrderedDict([('Sole', '260237'), ('Shared', '0'), ('None', '0')])",260237,SH,919085,2017-08-04,2017-06-30,PERRY CAPITAL
159,FUTURETECH II ACQUISITION CO,*W EXP 12/23/202,36119D111,9504,"OrderedDict([('sshPrnamt', '944740'), ('sshPrnamtType', 'SH')])",SOLE,"OrderedDict([('Sole', '944740'), ('Shared', '0'), ('None', '0')])",944740,SH,919085,2017-08-04,2017-06-30,PERRY CAPITAL
160,G&P ACQUISITION CORP,*W EXP 02/28/202,36146G111,422,"OrderedDict([('sshPrnamt', '42270'), ('sshPrnamtType', 'SH')])",SOLE,"OrderedDict([('Sole', '42270'), ('Shared', '0'), ('None', '0')])",42270,SH,919085,2017-08-04,2017-06-30,PERRY CAPITAL
161,GALATA ACQUISITION CORP,SHS CL A,G3R23A108,4995,"OrderedDict([('sshPrnamt', '500000'), ('sshPrnamtType', 'SH')])",SOLE,"OrderedDict([('Sole', '500000'), ('Shared', '0'), ('None', '0')])",500000,SH,919085,2017-08-04,2017-06-30,PERRY CAPITAL
162,GAMES & ESPORTS EXPRNC ACQ C,*W EXP 12/01/202,G3731J127,2470,"OrderedDict([('sshPrnamt', '243364'), ('sshPrnamtType', 'SH')])",SOLE,"OrderedDict([('Sole', '243364'), ('Shared', '0'), ('None', '0')])",243364,SH,919085,2017-08-04,2017-06-30,PERRY CAPITAL
163,GAMING & HOSPITALITY ACQU CO,*W EXP 02/04/202,364681114,2407,"OrderedDict([('sshPrnamt', '244346'), ('sshPrnamtType', 'SH')])",SOLE,"OrderedDict([('Sole', '244346'), ('Shared', '0'), ('None', '0')])",244346,SH,919085,2017-08-04,2017-06-30,PERRY CAPITAL
164,GENESIS UNICORN CAPITAL CORP,*W EXP 06/30/202,37187C118,8602,"OrderedDict([('sshPrnamt', '862800'), ('sshPrnamtType', 'SH')])",SOLE,"OrderedDict([('Sole', '862800'), ('Shared', '0'), ('None', '0')])",862800,SH,919085,2017-08-04,2017-06-30,PERRY CAPITAL
165,GLOBAL BLOCKCHAIN ACQUI CORP,*W EXP 05/09/202,37961B120,4935,"OrderedDict([('sshPrnamt', '500000'), ('sshPrnamtType', 'SH')])",SOLE,"OrderedDict([('Sole', '500000'), ('Shared', '0'), ('None', '0')])",500000,SH,919085,2017-08-04,2017-06-30,PERRY CAPITAL
166,GLOBAL BLOCKCHAIN ACQUI CORP,RIGHT 05/09/2027,37961B112,105,"OrderedDict([('sshPrnamt', '1500000'), ('sshPrnamtType', 'SH')])",SOLE,"OrderedDict([('Sole', '1500000'), ('Shared', '0'), ('None', '0')])",1500000,SH,919085,2017-08-04,2017-06-30,PERRY CAPITAL
167,GLOBAL BLOCKCHAIN ACQUI CORP,COMMON STOCK,37961B104,4442,"OrderedDict([('sshPrnamt', '450000'), ('sshPrnamtType', 'SH')])",SOLE,"OrderedDict([('Sole', '450000'), ('Shared', '0'), ('None', '0')])",450000,SH,919085,2017-08-04,2017-06-30,PERRY CAPITAL
168,GLOBAL STAR ACQUISITION INC,UNIT 07/15/2028,37962G201,2600,"OrderedDict([('sshPrnamt', '260000'), ('sshPrnamtType', 'SH')])",SOLE,"OrderedDict([('Sole', '260000'), ('Shared', '0'), ('None', '0')])",260000,SH,919085,2017-08-04,2017-06-30,PERRY CAPITAL
169,GLOBALINK INVT INC,RIGHT 12/06/2026,37892F117,332,"OrderedDict([('sshPrnamt', '1950000'), ('sshPrnamtType', 'SH')])",SOLE,"OrderedDict([('Sole', '1950000'), ('Shared', '0'), ('None', '0')])",1950000,SH,919085,2017-08-04,2017-06-30,PERRY CAPITAL
170,GLOBALINK INVT INC,*W EXP 12/03/202,37892F125,9462,"OrderedDict([('sshPrnamt', '950000'), ('sshPrnamtType', 'SH')])",SOLE,"OrderedDict([('Sole', '950000'), ('Shared', '0'), ('None', '0')])",950000,SH,919085,2017-08-04,2017-06-30,PERRY CAPITAL
171,GOAL ACQUISITIONS CORP,*W EXP 02/11/202,38021H115,6691,"OrderedDict([('sshPrnamt', '679300'), ('sshPrnamtType', 'SH')])",SOLE,"OrderedDict([('Sole', '679300'), ('Shared', '0'), ('None', '0')])",679300,SH,919085,2017-08-04,2017-06-30,PERRY CAPITAL
172,GOLDEN ARROW MERGER CORP,*W EXP 07/31/202,380799114,2040,"OrderedDict([('sshPrnamt', '207947'), ('sshPrnamtType', 'SH')])",SOLE,"OrderedDict([('Sole', '207947'), ('Shared', '0'), ('None', '0')])",207947,SH,919085,2017-08-04,2017-06-30,PERRY CAPITAL
173,GOLDENBRIDGE ACQUISITION LTD,RIGHT 10/28/2025,G3970D138,225,"OrderedDict([('sshPrnamt', '1500000'), ('sshPrnamtType', 'SH')])",SOLE,"OrderedDict([('Sole', '1500000'), ('Shared', '0'), ('None', '0')])",1500000,SH,919085,2017-08-04,2017-06-30,PERRY CAPITAL
174,GOLDENBRIDGE ACQUISITION LTD,*W EXP 10/28/202,G3970D120,3474,"OrderedDict([('sshPrnamt', '677258'), ('sshPrnamtType', 'SH')])",SOLE,"OrderedDict([('Sole', '677258'), ('Shared', '0'), ('None', '0')])",677258,SH,919085,2017-08-04,2017-06-30,PERRY CAPITAL
175,GOLDENSTONE ACQUISITION LTD,COM,38136Y102,1881,"OrderedDict([('sshPrnamt', '189272'), ('sshPrnamtType', 'SH')])",SOLE,"OrderedDict([('Sole', '189272'), ('Shared', '0'), ('None', '0')])",189272,SH,919085,2017-08-04,2017-06-30,PERRY CAPITAL
176,GOLDENSTONE ACQUISITION LTD,RIGHT 07/15/2026,38136Y128,292,"OrderedDict([('sshPrnamt', '1495943'), ('sshPrnamtType', 'SH')])",SOLE,"OrderedDict([('Sole', '1495943'), ('Shared', '0'), ('None', '0')])",1495943,SH,919085,2017-08-04,2017-06-30,PERRY CAPITAL
177,GOLDENSTONE ACQUISITION LTD,*W EXP 07/15/202,38136Y110,6993,"OrderedDict([('sshPrnamt', '703545'), ('sshPrnamtType', 'SH')])",SOLE,"OrderedDict([('Sole', '703545'), ('Shared', '0'), ('None', '0')])",703545,SH,919085,2017-08-04,2017-06-30,PERRY CAPITAL
178,GORES HOLDINGS IX INC,CLASS A COM,38287A101,4356,"OrderedDict([('sshPrnamt', '450000'), ('sshPrnamtType', 'SH')])",SOLE,"OrderedDict([('Sole', '450000'), ('Shared', '0'), ('None', '0')])",450000,SH,919085,2017-08-04,2017-06-30,PERRY CAPITAL
179,GRAF ACQUISITION CORP IV,COM,384272100,1792,"OrderedDict([('sshPrnamt', '183800'), ('sshPrnamtType', 'SH')])",SOLE,"OrderedDict([('Sole', '183800'), ('Shared', '0'), ('None', '0')])",183800,SH,919085,2017-08-04,2017-06-30,PERRY CAPITAL
180,GSR II METEORA ACQUISITN COR,RIGHT 02/24/2027,36263W113,195,"OrderedDict([('sshPrnamt', '150000'), ('sshPrnamtType', 'SH')])",SOLE,"OrderedDict([('Sole', '150000'), ('Shared', '0'), ('None', '0')])",150000,SH,919085,2017-08-04,2017-06-30,PERRY CAPITAL
181,GSR II METEORA ACQUISITN COR,CLASS A COM,36263W105,4473,"OrderedDict([('sshPrnamt', '450000'), ('sshPrnamtType', 'SH')])",SOLE,"OrderedDict([('Sole', '450000'), ('Shared', '0'), ('None', '0')])",450000,SH,919085,2017-08-04,2017-06-30,PERRY CAPITAL
182,GX ACQUISITION CORP II,*W EXP 03/17/202,36260F113,1878,"OrderedDict([('sshPrnamt', '191400'), ('sshPrnamtType', 'SH')])",SOLE,"OrderedDict([('Sole', '191400'), ('Shared', '0'), ('None', '0')])",191400,SH,919085,2017-08-04,2017-06-30,PERRY CAPITAL
183,HAINAN MANASLU ACQUISTN CORP,ORDINARY SHARES,G4233U107,747,"OrderedDict([('sshPrnamt', '75000'), ('sshPrnamtType', 'SH')])",SOLE,"OrderedDict([('Sole', '75000'), ('Shared', '0'), ('None', '0')])",75000,SH,919085,2017-08-04,2017-06-30,PERRY CAPITAL
184,HAINAN MANASLU ACQUISTN CORP,RIGHT 01/31/2029,G4233U115,110,"OrderedDict([('sshPrnamt', '1575000'), ('sshPrnamtType', 'SH')])",SOLE,"OrderedDict([('Sole', '1575000'), ('Shared', '0'), ('None', '0')])",1575000,SH,919085,2017-08-04,2017-06-30,PERRY CAPITAL
185,HAINAN MANASLU ACQUISTN CORP,*W EXP 01/31/202,G4233U131,5727,"OrderedDict([('sshPrnamt', '575000'), ('sshPrnamtType', 'SH')])",SOLE,"OrderedDict([('Sole', '575000'), ('Shared', '0'), ('None', '0')])",575000,SH,919085,2017-08-04,2017-06-30,PERRY CAPITAL
186,HCM ACQUISITION CO,*W EXP 01/20/202,G4365A127,508,"OrderedDict([('sshPrnamt', '50300'), ('sshPrnamtType', 'SH')])",SOLE,"OrderedDict([('Sole', '50300'), ('Shared', '0'), ('None', '0')])",50300,SH,919085,2017-08-04,2017-06-30,PERRY CAPITAL
187,HEALTHWELL ACQUISITION CORP,CLASS A COM,42227R109,4264,"OrderedDict([('sshPrnamt', '437310'), ('sshPrnamtType', 'SH')])",SOLE,"OrderedDict([('Sole', '437310'), ('Shared', '0'), ('None', '0')])",437310,SH,919085,2017-08-04,2017-06-30,PERRY CAPITAL
188,HEARTLAND MEDIA ACQUISITION,CL A COM,42237V108,4482,"OrderedDict([('sshPrnamt', '450000'), ('sshPrnamtType', 'SH')])",SOLE,"OrderedDict([('Sole', '450000'), ('Shared', '0'), ('None', '0')])",450000,SH,919085,2017-08-04,2017-06-30,PERRY CAPITAL
189,HENNESSY CAPITAL INVST CORP,CLASS A COM,42600H108,4365,"OrderedDict([('sshPrnamt', '450000'), ('sshPrnamtType', 'SH')])",SOLE,"OrderedDict([('Sole', '450000'), ('Shared', '0'), ('None', '0')])",450000,SH,919085,2017-08-04,2017-06-30,PERRY CAPITAL
190,HH&L ACQUISITION CO,*W EXP 02/04/202,G39714129,318,"OrderedDict([('sshPrnamt', '32020'), ('sshPrnamtType', 'SH')])",SOLE,"OrderedDict([('Sole', '32020'), ('Shared', '0'), ('None', '0')])",32020,SH,919085,2017-08-04,2017-06-30,PERRY CAPITAL
191,HNR ACQUISITION CORP,*W EXP 02/04/202,40472A128,5006,"OrderedDict([('sshPrnamt', '499573'), ('sshPrnamtType', 'SH')])",SOLE,"OrderedDict([('Sole', '499573'), ('Shared', '0'), ('None', '0')])",499573,SH,919085,2017-08-04,2017-06-30,PERRY CAPITAL
192,HOME PLATE ACQUISITION CORP,*W EXP 09/30/202,43734R111,1284,"OrderedDict([('sshPrnamt', '130527'), ('sshPrnamtType', 'SH')])",SOLE,"OrderedDict([('Sole', '130527'), ('Shared', '0'), ('None', '0')])",130527,SH,919085,2017-08-04,2017-06-30,PERRY CAPITAL
193,HUNTSMAN CORP,COM,447011107,12060,"OrderedDict([('sshPrnamt', '491455'), ('sshPrnamtType', 'SH')])",SOLE,"OrderedDict([('Sole', '491455'), ('Shared', '0'), ('None', '0')])",491455,SH,919085,2017-08-04,2017-06-30,PERRY CAPITAL
194,INCEPTION GROWTH ACQUSTN LTD,RIGHT 12/08/2026,45333D120,156,"OrderedDict([('sshPrnamt', '1755200'), ('sshPrnamtType', 'SH')])",SOLE,"OrderedDict([('Sole', '1755200'), ('Shared', '0'), ('None', '0')])",1755200,SH,919085,2017-08-04,2017-06-30,PERRY CAPITAL
195,INCEPTION GROWTH ACQUSTN LTD,*W EXP 10/15/202,45333D112,6229,"OrderedDict([('sshPrnamt', '627600'), ('sshPrnamtType', 'SH')])",SOLE,"OrderedDict([('Sole', '627600'), ('Shared', '0'), ('None', '0')])",627600,SH,919085,2017-08-04,2017-06-30,PERRY CAPITAL
196,INFINITE ACQUISITION CORP,CL A ORD SHS,G48028107,4487,"OrderedDict([('sshPrnamt', '450000'), ('sshPrnamtType', 'SH')])",SOLE,"OrderedDict([('Sole', '450000'), ('Shared', '0'), ('None', '0')])",450000,SH,919085,2017-08-04,2017-06-30,PERRY CAPITAL
197,INFLECTION POINT ACQUSTN COR,CLASS A ORD,G47874121,3124,"OrderedDict([('sshPrnamt', '318121'), ('sshPrnamtType', 'SH')])",SOLE,"OrderedDict([('Sole', '318121'), ('Shared', '0'), ('None', '0')])",318121,SH,919085,2017-08-04,2017-06-30,PERRY CAPITAL
198,INTEGRAL ACQUISITION CORP 1,*W EXP 05/31/202,45827K119,1004,"OrderedDict([('sshPrnamt', '101400'), ('sshPrnamtType', 'SH')])",SOLE,"OrderedDict([('Sole', '101400'), ('Shared', '0'), ('None', '0')])",101400,SH,919085,2017-08-04,2017-06-30,PERRY CAPITAL
199,INTERNATIONAL GAME TECHNOLOG,SHS USD,G4863A108,18156,"OrderedDict([('sshPrnamt', '1149095'), ('sshPrnamtType', 'SH')])",SOLE,"OrderedDict([('Sole', '1149095'), ('Shared', '0'), ('None', '0')])",1149095,SH,919085,2017-08-04,2017-06-30,PERRY CAPITAL
200,INTERNATIONAL MEDIA ACQUISIT,*W EXP 07/21/202,459867115,9135,"OrderedDict([('sshPrnamt', '900000'), ('sshPrnamtType', 'SH')])",SOLE,"OrderedDict([('Sole', '900000'), ('Shared', '0'), ('None', '0')])",900000,SH,919085,2017-08-04,2017-06-30,PERRY CAPITAL
201,INTERNATIONAL MEDIA ACQUISIT,RIGHT 99/99/9999,459867123,136,"OrderedDict([('sshPrnamt', '1358803'), ('sshPrnamtType', 'SH')])",SOLE,"OrderedDict([('Sole', '1358803'), ('Shared', '0'), ('None', '0')])",1358803,SH,919085,2017-08-04,2017-06-30,PERRY CAPITAL
202,INTERNATIONAL SEAWAYS INC,COM,Y41053102,20066,"OrderedDict([('sshPrnamt', '571188'), ('sshPrnamtType', 'SH')])",SOLE,"OrderedDict([('Sole', '571188'), ('Shared', '0'), ('None', '0')])",571188,SH,919085,2017-08-04,2017-06-30,PERRY CAPITAL
203,INTERPRIVATE II ACQUISITION,CL A COM,46064Q108,2367,"OrderedDict([('sshPrnamt', '240525'), ('sshPrnamtType', 'SH')])",SOLE,"OrderedDict([('Sole', '240525'), ('Shared', '0'), ('None', '0')])",240525,SH,919085,2017-08-04,2017-06-30,PERRY CAPITAL
204,INTERPRIVATE III FINANCIAL P,COM CL A,46064R106,4895,"OrderedDict([('sshPrnamt', '500000'), ('sshPrnamtType', 'SH')])",SOLE,"OrderedDict([('Sole', '500000'), ('Shared', '0'), ('None', '0')])",500000,SH,919085,2017-08-04,2017-06-30,PERRY CAPITAL
205,IRON SPARK I INC,CLASS A COM,46301G103,2435,"OrderedDict([('sshPrnamt', '245210'), ('sshPrnamtType', 'SH')])",SOLE,"OrderedDict([('Sole', '245210'), ('Shared', '0'), ('None', '0')])",245210,SH,919085,2017-08-04,2017-06-30,PERRY CAPITAL
206,ITIQUIRA ACQUISITION CORP,*W EXP 02/03/202,G49773115,4965,"OrderedDict([('sshPrnamt', '500000'), ('sshPrnamtType', 'SH')])",SOLE,"OrderedDict([('Sole', '500000'), ('Shared', '0'), ('None', '0')])",500000,SH,919085,2017-08-04,2017-06-30,PERRY CAPITAL
207,IX ACQUISITION CORP,*W EXP 07/31/202,G5000D111,4970,"OrderedDict([('sshPrnamt', '500000'), ('sshPrnamtType', 'SH')])",SOLE,"OrderedDict([('Sole', '500000'), ('Shared', '0'), ('None', '0')])",500000,SH,919085,2017-08-04,2017-06-30,PERRY CAPITAL
208,JACKSON ACQUISITION CO,COM CL A,46653C106,2923,"OrderedDict([('sshPrnamt', '293442'), ('sshPrnamtType', 'SH')])",SOLE,"OrderedDict([('Sole', '293442'), ('Shared', '0'), ('None', '0')])",293442,SH,919085,2017-08-04,2017-06-30,PERRY CAPITAL
209,JACKSON FINANCIAL INC,COM CL A,46817M107,12598,"OrderedDict([('sshPrnamt', '453967'), ('sshPrnamtType', 'SH')])",SOLE,"OrderedDict([('Sole', '453967'), ('Shared', '0'), ('None', '0')])",453967,SH,919085,2017-08-04,2017-06-30,PERRY CAPITAL
210,JAGUAR GLOBAL GROWTH CORP I,*W EXP 11/23/202,G5S11A130,1904,"OrderedDict([('sshPrnamt', '190773'), ('sshPrnamtType', 'SH')])",SOLE,"OrderedDict([('Sole', '190773'), ('Shared', '0'), ('None', '0')])",190773,SH,919085,2017-08-04,2017-06-30,PERRY CAPITAL
211,JAGUAR GLOBAL GROWTH CORP I,RIGHT 01/01/2027,G5S11A155,137,"OrderedDict([('sshPrnamt', '952759'), ('sshPrnamtType', 'SH')])",SOLE,"OrderedDict([('Sole', '952759'), ('Shared', '0'), ('None', '0')])",952759,SH,919085,2017-08-04,2017-06-30,PERRY CAPITAL
212,JAGUAR GLOBAL GROWTH CORP I,CLASS A ORD SHS,G5S11A106,3206,"OrderedDict([('sshPrnamt', '321291'), ('sshPrnamtType', 'SH')])",SOLE,"OrderedDict([('Sole', '321291'), ('Shared', '0'), ('None', '0')])",321291,SH,919085,2017-08-04,2017-06-30,PERRY CAPITAL
213,JAWS HURRICANE ACQUISITN COR,CLASS A COM,47201B103,1949,"OrderedDict([('sshPrnamt', '199927'), ('sshPrnamtType', 'SH')])",SOLE,"OrderedDict([('Sole', '199927'), ('Shared', '0'), ('None', '0')])",199927,SH,919085,2017-08-04,2017-06-30,PERRY CAPITAL
214,JUPITER ACQUISITION CORP,CL A,482082104,4356,"OrderedDict([('sshPrnamt', '450000'), ('sshPrnamtType', 'SH')])",SOLE,"OrderedDict([('Sole', '450000'), ('Shared', '0'), ('None', '0')])",450000,SH,919085,2017-08-04,2017-06-30,PERRY CAPITAL
215,JUPITER WELLNESS ACQUISITION,RIGHT 12/31/2028,48208E116,153,"OrderedDict([('sshPrnamt', '1850000'), ('sshPrnamtType', 'SH')])",SOLE,"OrderedDict([('Sole', '1850000'), ('Shared', '0'), ('None', '0')])",1850000,SH,919085,2017-08-04,2017-06-30,PERRY CAPITAL
216,KAIROS ACQUISITION CORP,*W EXP 11/30/202,G52110106,4975,"OrderedDict([('sshPrnamt', '500000'), ('sshPrnamtType', 'SH')])",SOLE,"OrderedDict([('Sole', '500000'), ('Shared', '0'), ('None', '0')])",500000,SH,919085,2017-08-04,2017-06-30,PERRY CAPITAL
217,KAIROUS ACQUISITION CORP LTD,RIGHT 09/15/2026,G52131136,106,"OrderedDict([('sshPrnamt', '1500000'), ('sshPrnamtType', 'SH')])",SOLE,"OrderedDict([('Sole', '1500000'), ('Shared', '0'), ('None', '0')])",1500000,SH,919085,2017-08-04,2017-06-30,PERRY CAPITAL
218,KERNEL GROUP HOLDINGS INC,*W EXP 02/02/202,G5259L129,4960,"OrderedDict([('sshPrnamt', '500000'), ('sshPrnamtType', 'SH')])",SOLE,"OrderedDict([('Sole', '500000'), ('Shared', '0'), ('None', '0')])",500000,SH,919085,2017-08-04,2017-06-30,PERRY CAPITAL
219,KEYARCH ACQUISITION CORP,*W EXP 01/24/202,G5260A112,5770,"OrderedDict([('sshPrnamt', '578756'), ('sshPrnamtType', 'SH')])",SOLE,"OrderedDict([('Sole', '578756'), ('Shared', '0'), ('None', '0')])",578756,SH,919085,2017-08-04,2017-06-30,PERRY CAPITAL
220,KEYARCH ACQUISITION CORP,RIGHT 01/24/2027,G5260A120,279,"OrderedDict([('sshPrnamt', '1991305'), ('sshPrnamtType', 'SH')])",SOLE,"OrderedDict([('Sole', '1991305'), ('Shared', '0'), ('None', '0')])",1991305,SH,919085,2017-08-04,2017-06-30,PERRY CAPITAL
221,KISMET ACQUISITION THREE COR,*W EXP 06/30/202,G5276C102,4950,"OrderedDict([('sshPrnamt', '500000'), ('sshPrnamtType', 'SH')])",SOLE,"OrderedDict([('Sole', '500000'), ('Shared', '0'), ('None', '0')])",500000,SH,919085,2017-08-04,2017-06-30,PERRY CAPITAL
222,KISMET ACQUISITION TWO CORP,*W EXP 06/30/202,G52807115,4653,"OrderedDict([('sshPrnamt', '468593'), ('sshPrnamtType', 'SH')])",SOLE,"OrderedDict([('Sole', '468593'), ('Shared', '0'), ('None', '0')])",468593,SH,919085,2017-08-04,2017-06-30,PERRY CAPITAL
223,KNIGHTSWAN ACQUISITION CORP,CL A COM,499103109,4514,"OrderedDict([('sshPrnamt', '450000'), ('sshPrnamtType', 'SH')])",SOLE,"OrderedDict([('Sole', '450000'), ('Shared', '0'), ('None', '0')])",450000,SH,919085,2017-08-04,2017-06-30,PERRY CAPITAL
224,LAKESHORE ACQUISITION II COR,RIGHT 11/18/2026,G5352N113,264,"OrderedDict([('sshPrnamt', '1428404'), ('sshPrnamtType', 'SH')])",SOLE,"OrderedDict([('Sole', '1428404'), ('Shared', '0'), ('None', '0')])",1428404,SH,919085,2017-08-04,2017-06-30,PERRY CAPITAL
225,LARIMAR THERAPEUTICS INC,COM,517125100,4137,"OrderedDict([('sshPrnamt', '1292812'), ('sshPrnamtType', 'SH')])",SOLE,"OrderedDict([('Sole', '1292812'), ('Shared', '0'), ('None', '0')])",1292812,SH,919085,2017-08-04,2017-06-30,PERRY CAPITAL
226,LAUREATE EDUCATION INC,COMMON STOCK,518613203,16870,"OrderedDict([('sshPrnamt', '1599057'), ('sshPrnamtType', 'SH')])",SOLE,"OrderedDict([('Sole', '1599057'), ('Shared', '0'), ('None', '0')])",1599057,SH,919085,2017-08-04,2017-06-30,PERRY CAPITAL
227,LEGATO MERGER CORP II,COM,52473Y104,4970,"OrderedDict([('sshPrnamt', '500000'), ('sshPrnamtType', 'SH')])",SOLE,"OrderedDict([('Sole', '500000'), ('Shared', '0'), ('None', '0')])",500000,SH,919085,2017-08-04,2017-06-30,PERRY CAPITAL
228,LEO HLDGS CORP II,*W EXP 01/07/202,G5463R128,3791,"OrderedDict([('sshPrnamt', '380612'), ('sshPrnamtType', 'SH')])",SOLE,"OrderedDict([('Sole', '380612'), ('Shared', '0'), ('None', '0')])",380612,SH,919085,2017-08-04,2017-06-30,PERRY CAPITAL
229,LF CAPITAL ACQUISITION CORP,*W EXP 02/19/202,50202D110,950,"OrderedDict([('sshPrnamt', '94457'), ('sshPrnamtType', 'SH')])",SOLE,"OrderedDict([('Sole', '94457'), ('Shared', '0'), ('None', '0')])",94457,SH,919085,2017-08-04,2017-06-30,PERRY CAPITAL
230,LIONHEART III CORP,*W EXP 11/09/202,536262116,573,"OrderedDict([('sshPrnamt', '56760'), ('sshPrnamtType', 'SH')])",SOLE,"OrderedDict([('Sole', '56760'), ('Shared', '0'), ('None', '0')])",56760,SH,919085,2017-08-04,2017-06-30,PERRY CAPITAL
231,LIVE OAK CRESTVIEW CLIMATE A,CL A COM,538086109,4365,"OrderedDict([('sshPrnamt', '450000'), ('sshPrnamtType', 'SH')])",SOLE,"OrderedDict([('Sole', '450000'), ('Shared', '0'), ('None', '0')])",450000,SH,919085,2017-08-04,2017-06-30,PERRY CAPITAL
232,LMF ACQUISITION OPPORTUNIT I,*W EXP 01/26/202,502015118,5004,"OrderedDict([('sshPrnamt', '486737'), ('sshPrnamtType', 'SH')])",SOLE,"OrderedDict([('Sole', '486737'), ('Shared', '0'), ('None', '0')])",486737,SH,919085,2017-08-04,2017-06-30,PERRY CAPITAL
233,LOGISTICS INNOVTN TECHNLGS C,CLASS A COM,54141L100,1954,"OrderedDict([('sshPrnamt', '200000'), ('sshPrnamtType', 'SH')])",SOLE,"OrderedDict([('Sole', '200000'), ('Shared', '0'), ('None', '0')])",200000,SH,919085,2017-08-04,2017-06-30,PERRY CAPITAL
234,MACONDRAY CAP ACQUISITN CORP,*W EXP 05/31/202,G5853A115,641,"OrderedDict([('sshPrnamt', '63984'), ('sshPrnamtType', 'SH')])",SOLE,"OrderedDict([('Sole', '63984'), ('Shared', '0'), ('None', '0')])",63984,SH,919085,2017-08-04,2017-06-30,PERRY CAPITAL
235,MAGNACHIP SEMICONDUCTOR CORP,COM,55933J203,11323,"OrderedDict([('sshPrnamt', '1105805'), ('sshPrnamtType', 'SH')])",SOLE,"OrderedDict([('Sole', '1105805'), ('Shared', '0'), ('None', '0')])",1105805,SH,919085,2017-08-04,2017-06-30,PERRY CAPITAL
236,MANA CAP ACQUISITION CORP,RIGHT 06/01/2024,56168P112,420,"OrderedDict([('sshPrnamt', '1500000'), ('sshPrnamtType', 'SH')])",SOLE,"OrderedDict([('Sole', '1500000'), ('Shared', '0'), ('None', '0')])",1500000,SH,919085,2017-08-04,2017-06-30,PERRY CAPITAL
237,MAQUIA CAPITAL ACQUISITION C,*W EXP 05/05/202,56564V119,5170,"OrderedDict([('sshPrnamt', '500000'), ('sshPrnamtType', 'SH')])",SOLE,"OrderedDict([('Sole', '500000'), ('Shared', '0'), ('None', '0')])",500000,SH,919085,2017-08-04,2017-06-30,PERRY CAPITAL
238,MARBLEGATE ACQUISITION CORP,*W EXP 08/31/202,56608A113,787,"OrderedDict([('sshPrnamt', '79100'), ('sshPrnamtType', 'SH')])",SOLE,"OrderedDict([('Sole', '79100'), ('Shared', '0'), ('None', '0')])",79100,SH,919085,2017-08-04,2017-06-30,PERRY CAPITAL
239,MARLIN TECHNOLOGY CORP,*W EXP 01/12/202,G58411110,1251,"OrderedDict([('sshPrnamt', '125685'), ('sshPrnamtType', 'SH')])",SOLE,"OrderedDict([('Sole', '125685'), ('Shared', '0'), ('None', '0')])",125685,SH,919085,2017-08-04,2017-06-30,PERRY CAPITAL
240,MBIA INC,COM,55262C100,3203,"OrderedDict([('sshPrnamt', '348099'), ('sshPrnamtType', 'SH')])",SOLE,"OrderedDict([('Sole', '348099'), ('Shared', '0'), ('None', '0')])",348099,SH,919085,2017-08-04,2017-06-30,PERRY CAPITAL
241,MCLAREN TECHNOLOGY ACQ CORP,*W EXP 11/01/202,58176U117,2665,"OrderedDict([('sshPrnamt', '265927'), ('sshPrnamtType', 'SH')])",SOLE,"OrderedDict([('Sole', '265927'), ('Shared', '0'), ('None', '0')])",265927,SH,919085,2017-08-04,2017-06-30,PERRY CAPITAL
242,MDH ACQUISITION CORP,*W EXP 02/02/202,55283P114,3813,"OrderedDict([('sshPrnamt', '387115'), ('sshPrnamtType', 'SH')])",SOLE,"OrderedDict([('Sole', '387115'), ('Shared', '0'), ('None', '0')])",387115,SH,919085,2017-08-04,2017-06-30,PERRY CAPITAL
243,MERCATO PARTNERS ACQUISITION,*W EXP 99/99/999,58759A116,280,"OrderedDict([('sshPrnamt', '27900'), ('sshPrnamtType', 'SH')])",SOLE,"OrderedDict([('Sole', '27900'), ('Shared', '0'), ('None', '0')])",27900,SH,919085,2017-08-04,2017-06-30,PERRY CAPITAL
244,MERCURY ECOM ACQUISITION COR,*W EXP 07/27/202,589381110,3186,"OrderedDict([('sshPrnamt', '320496'), ('sshPrnamtType', 'SH')])",SOLE,"OrderedDict([('Sole', '320496'), ('Shared', '0'), ('None', '0')])",320496,SH,919085,2017-08-04,2017-06-30,PERRY CAPITAL
245,META PLATFORMS INC,CL A,30303M102,11198,"OrderedDict([('sshPrnamt', '82533'), ('sshPrnamtType', 'SH')])",SOLE,"OrderedDict([('Sole', '82533'), ('Shared', '0'), ('None', '0')])",82533,SH,919085,2017-08-04,2017-06-30,PERRY CAPITAL
246,METAL SKY STAR ACQUISITION C,RIGHT 03/30/2024,G6053N113,127,"OrderedDict([('sshPrnamt', '1951094'), ('sshPrnamtType', 'SH')])",SOLE,"OrderedDict([('Sole', '1951094'), ('Shared', '0'), ('None', '0')])",1951094,SH,919085,2017-08-04,2017-06-30,PERRY CAPITAL
247,METAL SKY STAR ACQUISITION C,*W EXP 03/31/202,G6053N121,9463,"OrderedDict([('sshPrnamt', '951094'), ('sshPrnamtType', 'SH')])",SOLE,"OrderedDict([('Sole', '951094'), ('Shared', '0'), ('None', '0')])",951094,SH,919085,2017-08-04,2017-06-30,PERRY CAPITAL
248,METALS ACQUISITION CORP,SHS CL A,G60405100,4895,"OrderedDict([('sshPrnamt', '500000'), ('sshPrnamtType', 'SH')])",SOLE,"OrderedDict([('Sole', '500000'), ('Shared', '0'), ('None', '0')])",500000,SH,919085,2017-08-04,2017-06-30,PERRY CAPITAL
249,MINORITY EQUALITY OPPORTUNIT,*W EXP 08/26/202,60436Q118,5070,"OrderedDict([('sshPrnamt', '500000'), ('sshPrnamtType', 'SH')])",SOLE,"OrderedDict([('Sole', '500000'), ('Shared', '0'), ('None', '0')])",500000,SH,919085,2017-08-04,2017-06-30,PERRY CAPITAL
250,MISSION ADVANCEMENT CORP,*W EXP 03/05/202,60501L119,4910,"OrderedDict([('sshPrnamt', '500000'), ('sshPrnamtType', 'SH')])",SOLE,"OrderedDict([('Sole', '500000'), ('Shared', '0'), ('None', '0')])",500000,SH,919085,2017-08-04,2017-06-30,PERRY CAPITAL
251,MOBIV ACQUISITION CORP,UNIT 07/31/2027,60742N205,4117,"OrderedDict([('sshPrnamt', '406810'), ('sshPrnamtType', 'SH')])",SOLE,"OrderedDict([('Sole', '406810'), ('Shared', '0'), ('None', '0')])",406810,SH,919085,2017-08-04,2017-06-30,PERRY CAPITAL
252,MODEL PERFORMANCE ACQU CORP,RIGHT 04/29/2026,G6246M121,180,"OrderedDict([('sshPrnamt', '1500000'), ('sshPrnamtType', 'SH')])",SOLE,"OrderedDict([('Sole', '1500000'), ('Shared', '0'), ('None', '0')])",1500000,SH,919085,2017-08-04,2017-06-30,PERRY CAPITAL
253,MODEL PERFORMANCE ACQU CORP,*W EXP 04/29/202,G6246M139,2552,"OrderedDict([('sshPrnamt', '247035'), ('sshPrnamtType', 'SH')])",SOLE,"OrderedDict([('Sole', '247035'), ('Shared', '0'), ('None', '0')])",247035,SH,919085,2017-08-04,2017-06-30,PERRY CAPITAL
254,MONEYGRAM INTL INC,COM NEW,60935Y208,6705,"OrderedDict([('sshPrnamt', '644745'), ('sshPrnamtType', 'SH')])",SOLE,"OrderedDict([('Sole', '644745'), ('Shared', '0'), ('None', '0')])",644745,SH,919085,2017-08-04,2017-06-30,PERRY CAPITAL
255,MONTEREY BIO ACQUISITION COR,*W EXP 10/05/202,61240F116,2995,"OrderedDict([('sshPrnamt', '296288'), ('sshPrnamtType', 'SH')])",SOLE,"OrderedDict([('Sole', '296288'), ('Shared', '0'), ('None', '0')])",296288,SH,919085,2017-08-04,2017-06-30,PERRY CAPITAL
256,MONTEREY CAP ACQUISITION COR,*W EXP 01/01/202,61244M117,12777,"OrderedDict([('sshPrnamt', '1291900'), ('sshPrnamtType', 'SH')])",SOLE,"OrderedDict([('Sole', '1291900'), ('Shared', '0'), ('None', '0')])",1291900,SH,919085,2017-08-04,2017-06-30,PERRY CAPITAL
257,MONTEREY CAP ACQUISITION COR,CLASS A COM,61244M109,7832,"OrderedDict([('sshPrnamt', '791900'), ('sshPrnamtType', 'SH')])",SOLE,"OrderedDict([('Sole', '791900'), ('Shared', '0'), ('None', '0')])",791900,SH,919085,2017-08-04,2017-06-30,PERRY CAPITAL
258,MONTEREY CAP ACQUISITION COR,RIGHT 05/10/2027,61244M125,211,"OrderedDict([('sshPrnamt', '2291900'), ('sshPrnamtType', 'SH')])",SOLE,"OrderedDict([('Sole', '2291900'), ('Shared', '0'), ('None', '0')])",2291900,SH,919085,2017-08-04,2017-06-30,PERRY CAPITAL
259,MONUMENT CIRCLE ACQUISITN CO,*W EXP 01/14/202,61531M119,2042,"OrderedDict([('sshPrnamt', '206918'), ('sshPrnamtType', 'SH')])",SOLE,"OrderedDict([('Sole', '206918'), ('Shared', '0'), ('None', '0')])",206918,SH,919085,2017-08-04,2017-06-30,PERRY CAPITAL
260,MOUNTAIN CREST ACQSITN CORP,RIGHT 08/30/2022,62404B115,102,"OrderedDict([('sshPrnamt', '551803'), ('sshPrnamtType', 'SH')])",SOLE,"OrderedDict([('Sole', '551803'), ('Shared', '0'), ('None', '0')])",551803,SH,919085,2017-08-04,2017-06-30,PERRY CAPITAL
261,MOUNTAIN CREST ACQUSITN CRP,RIGHT 06/29/2026,62403K116,188,"OrderedDict([('sshPrnamt', '1103380'), ('sshPrnamtType', 'SH')])",SOLE,"OrderedDict([('Sole', '1103380'), ('Shared', '0'), ('None', '0')])",1103380,SH,919085,2017-08-04,2017-06-30,PERRY CAPITAL
262,MURPHY CANYON ACQUISITION CO,*W EXP 01/25/202,626642110,5050,"OrderedDict([('sshPrnamt', '500000'), ('sshPrnamtType', 'SH')])",SOLE,"OrderedDict([('Sole', '500000'), ('Shared', '0'), ('None', '0')])",500000,SH,919085,2017-08-04,2017-06-30,PERRY CAPITAL
263,NCR CORP NEW,COM,62886E108,17087,"OrderedDict([('sshPrnamt', '898853'), ('sshPrnamtType', 'SH')])",SOLE,"OrderedDict([('Sole', '898853'), ('Shared', '0'), ('None', '0')])",898853,SH,919085,2017-08-04,2017-06-30,PERRY CAPITAL
264,NEWHOLD INVESTMENT CORP II,COM CL A,651450108,1093,"OrderedDict([('sshPrnamt', '110960'), ('sshPrnamtType', 'SH')])",SOLE,"OrderedDict([('Sole', '110960'), ('Shared', '0'), ('None', '0')])",110960,SH,919085,2017-08-04,2017-06-30,PERRY CAPITAL
265,NEXPOINT DIVERSIFIED REL ET,COM NEW,65340G205,5612,"OrderedDict([('sshPrnamt', '447199'), ('sshPrnamtType', 'SH')])",SOLE,"OrderedDict([('Sole', '447199'), ('Shared', '0'), ('None', '0')])",447199,SH,919085,2017-08-04,2017-06-30,PERRY CAPITAL
266,NOBLE ROCK ACQUISITION CORP,*W EXP 01/31/202,G6546R119,1621,"OrderedDict([('sshPrnamt', '163429'), ('sshPrnamtType', 'SH')])",SOLE,"OrderedDict([('Sole', '163429'), ('Shared', '0'), ('None', '0')])",163429,SH,919085,2017-08-04,2017-06-30,PERRY CAPITAL
267,NORTHVIEW ACQUISITION CORP,RIGHT 99/99/9999,66718N129,113,"OrderedDict([('sshPrnamt', '1500000'), ('sshPrnamtType', 'SH')])",SOLE,"OrderedDict([('Sole', '1500000'), ('Shared', '0'), ('None', '0')])",1500000,SH,919085,2017-08-04,2017-06-30,PERRY CAPITAL
268,NORTHVIEW ACQUISITION CORP,*W EXP 08/02/202,66718N111,4970,"OrderedDict([('sshPrnamt', '500000'), ('sshPrnamtType', 'SH')])",SOLE,"OrderedDict([('Sole', '500000'), ('Shared', '0'), ('None', '0')])",500000,SH,919085,2017-08-04,2017-06-30,PERRY CAPITAL
269,NOVA VISION ACQUISITION CORP,*W EXP 12/31/202,G6759A118,915,"OrderedDict([('sshPrnamt', '179152'), ('sshPrnamtType', 'SH')])",SOLE,"OrderedDict([('Sole', '179152'), ('Shared', '0'), ('None', '0')])",179152,SH,919085,2017-08-04,2017-06-30,PERRY CAPITAL
270,NOVA VISION ACQUISITION CORP,RIGHT 12/23/2023,G6759A134,224,"OrderedDict([('sshPrnamt', '1500000'), ('sshPrnamtType', 'SH')])",SOLE,"OrderedDict([('Sole', '1500000'), ('Shared', '0'), ('None', '0')])",1500000,SH,919085,2017-08-04,2017-06-30,PERRY CAPITAL
271,NUBIA BRAND INTERNATIONAL CO,*W EXP 11/16/202,67022R111,2168,"OrderedDict([('sshPrnamt', '215701'), ('sshPrnamtType', 'SH')])",SOLE,"OrderedDict([('Sole', '215701'), ('Shared', '0'), ('None', '0')])",215701,SH,919085,2017-08-04,2017-06-30,PERRY CAPITAL
272,OCA ACQUISITION CORP,*W EXP 01/14/202,670865112,1811,"OrderedDict([('sshPrnamt', '180195'), ('sshPrnamtType', 'SH')])",SOLE,"OrderedDict([('Sole', '180195'), ('Shared', '0'), ('None', '0')])",180195,SH,919085,2017-08-04,2017-06-30,PERRY CAPITAL
273,OCEANTECH ACQUISITIONS I COR,*W EXP 99/99/999,675507115,9559,"OrderedDict([('sshPrnamt', '938958'), ('sshPrnamtType', 'SH')])",SOLE,"OrderedDict([('Sole', '938958'), ('Shared', '0'), ('None', '0')])",938958,SH,919085,2017-08-04,2017-06-30,PERRY CAPITAL
274,OCEANTECH ACQUISITIONS I COR,CLASS A COM,675507107,200,"OrderedDict([('sshPrnamt', '19658'), ('sshPrnamtType', 'SH')])",SOLE,"OrderedDict([('Sole', '19658'), ('Shared', '0'), ('None', '0')])",19658,SH,919085,2017-08-04,2017-06-30,PERRY CAPITAL
275,O-I GLASS INC,COM,67098H104,13081,"OrderedDict([('sshPrnamt', '1010141'), ('sshPrnamtType', 'SH')])",SOLE,"OrderedDict([('Sole', '1010141'), ('Shared', '0'), ('None', '0')])",1010141,SH,919085,2017-08-04,2017-06-30,PERRY CAPITAL
276,OMNILIT ACQUISITION CORP,*W EXP 11/08/202,68218C116,834,"OrderedDict([('sshPrnamt', '82857'), ('sshPrnamtType', 'SH')])",SOLE,"OrderedDict([('Sole', '82857'), ('Shared', '0'), ('None', '0')])",82857,SH,919085,2017-08-04,2017-06-30,PERRY CAPITAL
277,ORION OFFICE REIT INC,COM,68629Y103,8540,"OrderedDict([('sshPrnamt', '976056'), ('sshPrnamtType', 'SH')])",SOLE,"OrderedDict([('Sole', '976056'), ('Shared', '0'), ('None', '0')])",976056,SH,919085,2017-08-04,2017-06-30,PERRY CAPITAL
278,OXBRIDGE ACQUISITION CORP,*W EXP 08/04/202,G6855L117,4638,"OrderedDict([('sshPrnamt', '460167'), ('sshPrnamtType', 'SH')])",SOLE,"OrderedDict([('Sole', '460167'), ('Shared', '0'), ('None', '0')])",460167,SH,919085,2017-08-04,2017-06-30,PERRY CAPITAL
279,OXUS ACQUISITION CORP,*W EXP 99/99/999,G6859L121,8430,"OrderedDict([('sshPrnamt', '833790'), ('sshPrnamtType', 'SH')])",SOLE,"OrderedDict([('Sole', '833790'), ('Shared', '0'), ('None', '0')])",833790,SH,919085,2017-08-04,2017-06-30,PERRY CAPITAL
280,PACIFICO ACQUISITION CORP,RIGHT 07/15/2026,69512X111,68,"OrderedDict([('sshPrnamt', '270494'), ('sshPrnamtType', 'SH')])",SOLE,"OrderedDict([('Sole', '270494'), ('Shared', '0'), ('None', '0')])",270494,SH,919085,2017-08-04,2017-06-30,PERRY CAPITAL
281,PAPAYA GRWT OPPORTUNITY CORP,CLASS A COM,69882P102,2949,"OrderedDict([('sshPrnamt', '294000'), ('sshPrnamtType', 'SH')])",SOLE,"OrderedDict([('Sole', '294000'), ('Shared', '0'), ('None', '0')])",294000,SH,919085,2017-08-04,2017-06-30,PERRY CAPITAL
282,PAPAYA GRWT OPPORTUNITY CORP,*W EXP 12/31/202,69882P110,1523,"OrderedDict([('sshPrnamt', '151797'), ('sshPrnamtType', 'SH')])",SOLE,"OrderedDict([('Sole', '151797'), ('Shared', '0'), ('None', '0')])",151797,SH,919085,2017-08-04,2017-06-30,PERRY CAPITAL
283,PARABELLUM ACQUISITION CORP,*W EXP 99/99/999,69901P117,0,"OrderedDict([('sshPrnamt', '269542'), ('sshPrnamtType', 'SH')])",SOLE,"OrderedDict([('Sole', '269542'), ('Shared', '0'), ('None', '0')])",269542,SH,919085,2017-08-04,2017-06-30,PERRY CAPITAL
284,PARSEC CAPITAL ACQUISITION,*W EXP 10/05/202,70184A116,4959,"OrderedDict([('sshPrnamt', '490000'), ('sshPrnamtType', 'SH')])",SOLE,"OrderedDict([('Sole', '490000'), ('Shared', '0'), ('None', '0')])",490000,SH,919085,2017-08-04,2017-06-30,PERRY CAPITAL
285,PEPPERLIME HEALTH ACQUSTN CO,*W EXP 10/01/202,G70021111,151,"OrderedDict([('sshPrnamt', '15129'), ('sshPrnamtType', 'SH')])",SOLE,"OrderedDict([('Sole', '15129'), ('Shared', '0'), ('None', '0')])",15129,SH,919085,2017-08-04,2017-06-30,PERRY CAPITAL
286,PFSWEB INC,COM NEW,717098206,7193,"OrderedDict([('sshPrnamt', '771819'), ('sshPrnamtType', 'SH')])",SOLE,"OrderedDict([('Sole', '771819'), ('Shared', '0'), ('None', '0')])",771819,SH,919085,2017-08-04,2017-06-30,PERRY CAPITAL
287,PG&E CORP,COM,69331C108,30053,"OrderedDict([('sshPrnamt', '2404263'), ('sshPrnamtType', 'SH')])",SOLE,"OrderedDict([('Sole', '2404263'), ('Shared', '0'), ('None', '0')])",2404263,SH,919085,2017-08-04,2017-06-30,PERRY CAPITAL
288,PHOENIX BIOTECH ACQUISITION,*W EXP 09/01/202,71902K113,1650,"OrderedDict([('sshPrnamt', '163538'), ('sshPrnamtType', 'SH')])",SOLE,"OrderedDict([('Sole', '163538'), ('Shared', '0'), ('None', '0')])",163538,SH,919085,2017-08-04,2017-06-30,PERRY CAPITAL
289,PHP VENTURES ACQUISITION COR,RIGHT 01/01/2023,69291C122,50,"OrderedDict([('sshPrnamt', '1110737'), ('sshPrnamtType', 'SH')])",SOLE,"OrderedDict([('Sole', '1110737'), ('Shared', '0'), ('None', '0')])",1110737,SH,919085,2017-08-04,2017-06-30,PERRY CAPITAL
290,PHP VENTURES ACQUISITION COR,*W EXP 01/01/202,69291C114,6546,"OrderedDict([('sshPrnamt', '648074'), ('sshPrnamtType', 'SH')])",SOLE,"OrderedDict([('Sole', '648074'), ('Shared', '0'), ('None', '0')])",648074,SH,919085,2017-08-04,2017-06-30,PERRY CAPITAL
291,PINE TECHNOLOGY ACQUISITN CO,*W EXP 03/31/202,722850112,843,"OrderedDict([('sshPrnamt', '85817'), ('sshPrnamtType', 'SH')])",SOLE,"OrderedDict([('Sole', '85817'), ('Shared', '0'), ('None', '0')])",85817,SH,919085,2017-08-04,2017-06-30,PERRY CAPITAL
292,PONO CAP TWO INC,UNIT 07/31/2027,73245B206,4559,"OrderedDict([('sshPrnamt', '450000'), ('sshPrnamtType', 'SH')])",SOLE,"OrderedDict([('Sole', '450000'), ('Shared', '0'), ('None', '0')])",450000,SH,919085,2017-08-04,2017-06-30,PERRY CAPITAL
293,POWERED BRANDS,*W EXP 01/07/202,G7209M116,4990,"OrderedDict([('sshPrnamt', '500000'), ('sshPrnamtType', 'SH')])",SOLE,"OrderedDict([('Sole', '500000'), ('Shared', '0'), ('None', '0')])",500000,SH,919085,2017-08-04,2017-06-30,PERRY CAPITAL
294,PRIME NO ACQUISITION I CORP,*W EXP 07/31/202,74168P115,4990,"OrderedDict([('sshPrnamt', '500000'), ('sshPrnamtType', 'SH')])",SOLE,"OrderedDict([('Sole', '500000'), ('Shared', '0'), ('None', '0')])",500000,SH,919085,2017-08-04,2017-06-30,PERRY CAPITAL
295,PRIME NO ACQUISITION I CORP,RIGHT 07/31/2027,74168P123,101,"OrderedDict([('sshPrnamt', '1124274'), ('sshPrnamtType', 'SH')])",SOLE,"OrderedDict([('Sole', '1124274'), ('Shared', '0'), ('None', '0')])",1124274,SH,919085,2017-08-04,2017-06-30,PERRY CAPITAL
296,PROOF ACQUISITION CORP I,CL A COM,74349W104,4373,"OrderedDict([('sshPrnamt', '436900'), ('sshPrnamtType', 'SH')])",SOLE,"OrderedDict([('Sole', '436900'), ('Shared', '0'), ('None', '0')])",436900,SH,919085,2017-08-04,2017-06-30,PERRY CAPITAL
297,QOMOLANGMA ACQUISITION CORP,UNIT 99/99/9999,74738V204,2448,"OrderedDict([('sshPrnamt', '245000'), ('sshPrnamtType', 'SH')])",SOLE,"OrderedDict([('Sole', '245000'), ('Shared', '0'), ('None', '0')])",245000,SH,919085,2017-08-04,2017-06-30,PERRY CAPITAL
298,QUANTUM FINTECH ACQUISTIN CO,*W EXP 01/30/202,74767A113,4930,"OrderedDict([('sshPrnamt', '1000000'), ('sshPrnamtType', 'SH')])",SOLE,"OrderedDict([('Sole', '1000000'), ('Shared', '0'), ('None', '0')])",1000000,SH,919085,2017-08-04,2017-06-30,PERRY CAPITAL
299,REDWOODS ACQUISITION CORP,RIGHT 03/15/2027,758083125,191,"OrderedDict([('sshPrnamt', '1950549'), ('sshPrnamtType', 'SH')])",SOLE,"OrderedDict([('Sole', '1950549'), ('Shared', '0'), ('None', '0')])",1950549,SH,919085,2017-08-04,2017-06-30,PERRY CAPITAL
300,REDWOODS ACQUISITION CORP,*W EXP 03/15/202,758083117,9439,"OrderedDict([('sshPrnamt', '950549'), ('sshPrnamtType', 'SH')])",SOLE,"OrderedDict([('Sole', '950549'), ('Shared', '0'), ('None', '0')])",950549,SH,919085,2017-08-04,2017-06-30,PERRY CAPITAL
301,RELATIVITY ACQUISITION CORP,*W EXP 12/15/202,75944B114,9529,"OrderedDict([('sshPrnamt', '950000'), ('sshPrnamtType', 'SH')])",SOLE,"OrderedDict([('Sole', '950000'), ('Shared', '0'), ('None', '0')])",950000,SH,919085,2017-08-04,2017-06-30,PERRY CAPITAL
302,RESOLUTE FST PRODS INC,COM,76117W109,11495,"OrderedDict([('sshPrnamt', '574737'), ('sshPrnamtType', 'SH')])",SOLE,"OrderedDict([('Sole', '574737'), ('Shared', '0'), ('None', '0')])",574737,SH,919085,2017-08-04,2017-06-30,PERRY CAPITAL
303,RF ACQUISITION CORP,*W EXP 05/01/202,74954L112,9377,"OrderedDict([('sshPrnamt', '950100'), ('sshPrnamtType', 'SH')])",SOLE,"OrderedDict([('Sole', '950100'), ('Shared', '0'), ('None', '0')])",950100,SH,919085,2017-08-04,2017-06-30,PERRY CAPITAL
304,RF ACQUISITION CORP,RIGHT 05/01/2028,74954L120,156,"OrderedDict([('sshPrnamt', '1950100'), ('sshPrnamtType', 'SH')])",SOLE,"OrderedDict([('Sole', '1950100'), ('Shared', '0'), ('None', '0')])",1950100,SH,919085,2017-08-04,2017-06-30,PERRY CAPITAL
305,RICE ACQUISITION CORP II,SHS CL A,G75529100,4425,"OrderedDict([('sshPrnamt', '449270'), ('sshPrnamtType', 'SH')])",SOLE,"OrderedDict([('Sole', '449270'), ('Shared', '0'), ('None', '0')])",449270,SH,919085,2017-08-04,2017-06-30,PERRY CAPITAL
306,ROSECLIFF ACQUISITION CORP I,*W EXP 02/11/202,77732R111,949,"OrderedDict([('sshPrnamt', '96323'), ('sshPrnamtType', 'SH')])",SOLE,"OrderedDict([('Sole', '96323'), ('Shared', '0'), ('None', '0')])",96323,SH,919085,2017-08-04,2017-06-30,PERRY CAPITAL
307,ROTH CH ACQUISITION V CO,COM,77867R100,3993,"OrderedDict([('sshPrnamt', '400472'), ('sshPrnamtType', 'SH')])",SOLE,"OrderedDict([('Sole', '400472'), ('Shared', '0'), ('None', '0')])",400472,SH,919085,2017-08-04,2017-06-30,PERRY CAPITAL
308,RUMBLE INC,*W EXP 02/18/202,78137L113,1070,"OrderedDict([('sshPrnamt', '87319'), ('sshPrnamtType', 'SH')])",SOLE,"OrderedDict([('Sole', '87319'), ('Shared', '0'), ('None', '0')])",87319,SH,919085,2017-08-04,2017-06-30,PERRY CAPITAL
309,SAGALIAM ACQUISITION CORP,RIGHT 05/31/2028,78661R114,199,"OrderedDict([('sshPrnamt', '2490000'), ('sshPrnamtType', 'SH')])",SOLE,"OrderedDict([('Sole', '2490000'), ('Shared', '0'), ('None', '0')])",2490000,SH,919085,2017-08-04,2017-06-30,PERRY CAPITAL
310,SANDBRIDGE X2 CORP,*W EXP 03/11/202,799792114,189,"OrderedDict([('sshPrnamt', '19270'), ('sshPrnamtType', 'SH')])",SOLE,"OrderedDict([('Sole', '19270'), ('Shared', '0'), ('None', '0')])",19270,SH,919085,2017-08-04,2017-06-30,PERRY CAPITAL
311,SCION TECH GROWTH II,*W EXP 01/28/202,G31070116,300,"OrderedDict([('sshPrnamt', '30139'), ('sshPrnamtType', 'SH')])",SOLE,"OrderedDict([('Sole', '30139'), ('Shared', '0'), ('None', '0')])",30139,SH,919085,2017-08-04,2017-06-30,PERRY CAPITAL
312,SCIPLAY CORPORATION,CL A,809087109,13841,"OrderedDict([('sshPrnamt', '1176923'), ('sshPrnamtType', 'SH')])",SOLE,"OrderedDict([('Sole', '1176923'), ('Shared', '0'), ('None', '0')])",1176923,SH,919085,2017-08-04,2017-06-30,PERRY CAPITAL
313,SCP & CO HEALTHCARE ACQUSTN,*W EXP 01/27/202,784065112,4935,"OrderedDict([('sshPrnamt', '500000'), ('sshPrnamtType', 'SH')])",SOLE,"OrderedDict([('Sole', '500000'), ('Shared', '0'), ('None', '0')])",500000,SH,919085,2017-08-04,2017-06-30,PERRY CAPITAL
314,SCREAMING EAGLE ACQUISITN CO,CLASS A ORD SHS,G79407105,4352,"OrderedDict([('sshPrnamt', '450000'), ('sshPrnamtType', 'SH')])",SOLE,"OrderedDict([('Sole', '450000'), ('Shared', '0'), ('None', '0')])",450000,SH,919085,2017-08-04,2017-06-30,PERRY CAPITAL
315,SDCL EDGE ACQUISITION CORP,CL A ORD SHS,G79471101,1871,"OrderedDict([('sshPrnamt', '189200'), ('sshPrnamtType', 'SH')])",SOLE,"OrderedDict([('Sole', '189200'), ('Shared', '0'), ('None', '0')])",189200,SH,919085,2017-08-04,2017-06-30,PERRY CAPITAL
316,SELECTA BIOSCIENCES INC,COM,816212104,8627,"OrderedDict([('sshPrnamt', '5260419'), ('sshPrnamtType', 'SH')])",SOLE,"OrderedDict([('Sole', '5260419'), ('Shared', '0'), ('None', '0')])",5260419,SH,919085,2017-08-04,2017-06-30,PERRY CAPITAL
317,SHAW COMMUNICATIONS INC,CL B CONV,82028K200,28196,"OrderedDict([('sshPrnamt', '1159651'), ('sshPrnamtType', 'SH')])",SOLE,"OrderedDict([('Sole', '1159651'), ('Shared', '0'), ('None', '0')])",1159651,SH,919085,2017-08-04,2017-06-30,PERRY CAPITAL
318,SHOULDERUP TECHNOLOGY ACQUIS,*W EXP 11/17/202,82537G112,5015,"OrderedDict([('sshPrnamt', '500000'), ('sshPrnamtType', 'SH')])",SOLE,"OrderedDict([('Sole', '500000'), ('Shared', '0'), ('None', '0')])",500000,SH,919085,2017-08-04,2017-06-30,PERRY CAPITAL
319,SHUAA PARTNERS ACQUISTN CORP,*W EXP 02/24/202,G81173117,3243,"OrderedDict([('sshPrnamt', '320150'), ('sshPrnamtType', 'SH')])",SOLE,"OrderedDict([('Sole', '320150'), ('Shared', '0'), ('None', '0')])",320150,SH,919085,2017-08-04,2017-06-30,PERRY CAPITAL
320,SIGNAL HILL ACQUISITION CORP,CLASS A COM,82664R105,214,"OrderedDict([('sshPrnamt', '21478'), ('sshPrnamtType', 'SH')])",SOLE,"OrderedDict([('Sole', '21478'), ('Shared', '0'), ('None', '0')])",21478,SH,919085,2017-08-04,2017-06-30,PERRY CAPITAL
321,SILICON MOTION TECHNOLOGY CO,SPONSORED ADR,82706C108,48316,"OrderedDict([('sshPrnamt', '741160'), ('sshPrnamtType', 'SH')])",SOLE,"OrderedDict([('Sole', '741160'), ('Shared', '0'), ('None', '0')])",741160,SH,919085,2017-08-04,2017-06-30,PERRY CAPITAL
322,SILVER SPIKE ACQUISITN CORP,*W EXP 02/26/202,G8201H113,462,"OrderedDict([('sshPrnamt', '46621'), ('sshPrnamtType', 'SH')])",SOLE,"OrderedDict([('Sole', '46621'), ('Shared', '0'), ('None', '0')])",46621,SH,919085,2017-08-04,2017-06-30,PERRY CAPITAL
323,SILVERSPAC INC,CLASS A ORD,G8136V104,4408,"OrderedDict([('sshPrnamt', '450000'), ('sshPrnamtType', 'SH')])",SOLE,"OrderedDict([('Sole', '450000'), ('Shared', '0'), ('None', '0')])",450000,SH,919085,2017-08-04,2017-06-30,PERRY CAPITAL
324,SIZZLE ACQUISITION CORP,*W EXP 11/02/202,83014E117,1570,"OrderedDict([('sshPrnamt', '155959'), ('sshPrnamtType', 'SH')])",SOLE,"OrderedDict([('Sole', '155959'), ('Shared', '0'), ('None', '0')])",155959,SH,919085,2017-08-04,2017-06-30,PERRY CAPITAL
325,SK GROWTH OPPORTUNITIES CORP,CLASS A COM,G8192N103,4478,"OrderedDict([('sshPrnamt', '450000'), ('sshPrnamtType', 'SH')])",SOLE,"OrderedDict([('Sole', '450000'), ('Shared', '0'), ('None', '0')])",450000,SH,919085,2017-08-04,2017-06-30,PERRY CAPITAL
326,SOUTHPORT ACQUISITION CORP,CL A COM,84465L105,4088,"OrderedDict([('sshPrnamt', '406789'), ('sshPrnamtType', 'SH')])",SOLE,"OrderedDict([('Sole', '406789'), ('Shared', '0'), ('None', '0')])",406789,SH,919085,2017-08-04,2017-06-30,PERRY CAPITAL
327,SPK AQUISITION CORP,RIGHT 05/13/2026,848651113,30,"OrderedDict([('sshPrnamt', '303405'), ('sshPrnamtType', 'SH')])",SOLE,"OrderedDict([('Sole', '303405'), ('Shared', '0'), ('None', '0')])",303405,SH,919085,2017-08-04,2017-06-30,PERRY CAPITAL
328,SPORTSMAP TECH ACQUISITIN CO,*W EXP 09/01/202,84921J116,637,"OrderedDict([('sshPrnamt', '63538'), ('sshPrnamtType', 'SH')])",SOLE,"OrderedDict([('Sole', '63538'), ('Shared', '0'), ('None', '0')])",63538,SH,919085,2017-08-04,2017-06-30,PERRY CAPITAL
329,SPORTSTEK ACQUISITION CORP,*W EXP 02/16/202,849196118,492,"OrderedDict([('sshPrnamt', '50012'), ('sshPrnamtType', 'SH')])",SOLE,"OrderedDict([('Sole', '50012'), ('Shared', '0'), ('None', '0')])",50012,SH,919085,2017-08-04,2017-06-30,PERRY CAPITAL
330,SPREE ACQUISITION CORP 1 LTD,*W EXP 12/22/202,G83745128,971,"OrderedDict([('sshPrnamt', '96059'), ('sshPrnamtType', 'SH')])",SOLE,"OrderedDict([('Sole', '96059'), ('Shared', '0'), ('None', '0')])",96059,SH,919085,2017-08-04,2017-06-30,PERRY CAPITAL
331,STONEBRIDGE ACQUISITION CORP,*W EXP 03/31/202,G85094129,1010,"OrderedDict([('sshPrnamt', '100000'), ('sshPrnamtType', 'SH')])",SOLE,"OrderedDict([('Sole', '100000'), ('Shared', '0'), ('None', '0')])",100000,SH,919085,2017-08-04,2017-06-30,PERRY CAPITAL
332,STRATIM CLOUD ACQUISITION CO,*W EXP 03/05/202,86309R115,447,"OrderedDict([('sshPrnamt', '45515'), ('sshPrnamtType', 'SH')])",SOLE,"OrderedDict([('Sole', '45515'), ('Shared', '0'), ('None', '0')])",45515,SH,919085,2017-08-04,2017-06-30,PERRY CAPITAL
333,SUPER MICRO COMPUTER INC,COM,86800U104,18989,"OrderedDict([('sshPrnamt', '344808'), ('sshPrnamtType', 'SH')])",SOLE,"OrderedDict([('Sole', '344808'), ('Shared', '0'), ('None', '0')])",344808,SH,919085,2017-08-04,2017-06-30,PERRY CAPITAL
334,SUSTAINABLE DEVELP ACQU I CO,*W EXP 02/04/202,86934L111,4920,"OrderedDict([('sshPrnamt', '500000'), ('sshPrnamtType', 'SH')])",SOLE,"OrderedDict([('Sole', '500000'), ('Shared', '0'), ('None', '0')])",500000,SH,919085,2017-08-04,2017-06-30,PERRY CAPITAL
335,SWIFTMERGE ACQUISITION CORP,*W EXP 12/13/202,G63836111,1008,"OrderedDict([('sshPrnamt', '101599'), ('sshPrnamtType', 'SH')])",SOLE,"OrderedDict([('Sole', '101599'), ('Shared', '0'), ('None', '0')])",101599,SH,919085,2017-08-04,2017-06-30,PERRY CAPITAL
336,TALOS ENERGY INC,COM,87484T108,12041,"OrderedDict([('sshPrnamt', '723169'), ('sshPrnamtType', 'SH')])",SOLE,"OrderedDict([('Sole', '723169'), ('Shared', '0'), ('None', '0')])",723169,SH,919085,2017-08-04,2017-06-30,PERRY CAPITAL
337,TECHNOLOGY & TELECOM ACQ COR,*W EXP 04/15/202,G87119114,4944,"OrderedDict([('sshPrnamt', '489500'), ('sshPrnamtType', 'SH')])",SOLE,"OrderedDict([('Sole', '489500'), ('Shared', '0'), ('None', '0')])",489500,SH,919085,2017-08-04,2017-06-30,PERRY CAPITAL
338,TEGNA INC,COM,87901J105,20658,"OrderedDict([('sshPrnamt', '998932'), ('sshPrnamtType', 'SH')])",SOLE,"OrderedDict([('Sole', '998932'), ('Shared', '0'), ('None', '0')])",998932,SH,919085,2017-08-04,2017-06-30,PERRY CAPITAL
339,TG VENTURE ACQUISITION CORP,CLASS A COM,87251T109,4478,"OrderedDict([('sshPrnamt', '450000'), ('sshPrnamtType', 'SH')])",SOLE,"OrderedDict([('Sole', '450000'), ('Shared', '0'), ('None', '0')])",450000,SH,919085,2017-08-04,2017-06-30,PERRY CAPITAL
340,TG VENTURE ACQUISITION CORP,*W EXP 08/15/202,87251T117,9453,"OrderedDict([('sshPrnamt', '950000'), ('sshPrnamtType', 'SH')])",SOLE,"OrderedDict([('Sole', '950000'), ('Shared', '0'), ('None', '0')])",950000,SH,919085,2017-08-04,2017-06-30,PERRY CAPITAL
341,THE GROWTH FOR GOOD ACQU COR,*W EXP 11/12/202,G41522114,3574,"OrderedDict([('sshPrnamt', '362101'), ('sshPrnamtType', 'SH')])",SOLE,"OrderedDict([('Sole', '362101'), ('Shared', '0'), ('None', '0')])",362101,SH,919085,2017-08-04,2017-06-30,PERRY CAPITAL
342,THE GROWTH FOR GOOD ACQU COR,RIGHT 11/12/2026,G41522130,129,"OrderedDict([('sshPrnamt', '1293465'), ('sshPrnamtType', 'SH')])",SOLE,"OrderedDict([('Sole', '1293465'), ('Shared', '0'), ('None', '0')])",1293465,SH,919085,2017-08-04,2017-06-30,PERRY CAPITAL
343,THUNDER BRDG CAP PRTNRS IV I,CLASS A COM,88605L107,4865,"OrderedDict([('sshPrnamt', '500000'), ('sshPrnamtType', 'SH')])",SOLE,"OrderedDict([('Sole', '500000'), ('Shared', '0'), ('None', '0')])",500000,SH,919085,2017-08-04,2017-06-30,PERRY CAPITAL
344,TIO TECH A,*W EXP 04/12/202,G8T10C114,1997,"OrderedDict([('sshPrnamt', '201640'), ('sshPrnamtType', 'SH')])",SOLE,"OrderedDict([('Sole', '201640'), ('Shared', '0'), ('None', '0')])",201640,SH,919085,2017-08-04,2017-06-30,PERRY CAPITAL
345,TLG ACQUISITION ONE CORP,*W EXP 01/25/202,87257M116,1411,"OrderedDict([('sshPrnamt', '143101'), ('sshPrnamtType', 'SH')])",SOLE,"OrderedDict([('Sole', '143101'), ('Shared', '0'), ('None', '0')])",143101,SH,919085,2017-08-04,2017-06-30,PERRY CAPITAL
346,TLGY ACQUISITION CORPORATION,*W EXP 11/09/202,G8656T125,2948,"OrderedDict([('sshPrnamt', '291600'), ('sshPrnamtType', 'SH')])",SOLE,"OrderedDict([('Sole', '291600'), ('Shared', '0'), ('None', '0')])",291600,SH,919085,2017-08-04,2017-06-30,PERRY CAPITAL
347,TORTOISEECOFIN ACQUISITION C,SHS CL A,G8956E109,3596,"OrderedDict([('sshPrnamt', '366145'), ('sshPrnamtType', 'SH')])",SOLE,"OrderedDict([('Sole', '366145'), ('Shared', '0'), ('None', '0')])",366145,SH,919085,2017-08-04,2017-06-30,PERRY CAPITAL
348,TPG PACE BENEFICIAL II CORP,COMMON STOCK,G89826104,622,"OrderedDict([('sshPrnamt', '63598'), ('sshPrnamtType', 'SH')])",SOLE,"OrderedDict([('Sole', '63598'), ('Shared', '0'), ('None', '0')])",63598,SH,919085,2017-08-04,2017-06-30,PERRY CAPITAL
349,TRAJECTORY ALPHA ACQUISITION,COM CL A,89301B104,4460,"OrderedDict([('sshPrnamt', '450000'), ('sshPrnamtType', 'SH')])",SOLE,"OrderedDict([('Sole', '450000'), ('Shared', '0'), ('None', '0')])",450000,SH,919085,2017-08-04,2017-06-30,PERRY CAPITAL
350,TURNING PT BRANDS INC,COM,90041L105,16792,"OrderedDict([('sshPrnamt', '790974'), ('sshPrnamtType', 'SH')])",SOLE,"OrderedDict([('Sole', '790974'), ('Shared', '0'), ('None', '0')])",790974,SH,919085,2017-08-04,2017-06-30,PERRY CAPITAL
351,TWELVE SEAS INVESTMENT CO II,*W EXP 03/02/202,90118T114,908,"OrderedDict([('sshPrnamt', '92248'), ('sshPrnamtType', 'SH')])",SOLE,"OrderedDict([('Sole', '92248'), ('Shared', '0'), ('None', '0')])",92248,SH,919085,2017-08-04,2017-06-30,PERRY CAPITAL
352,TWITTER INC,COM,90184L102,20353,"OrderedDict([('sshPrnamt', '464252'), ('sshPrnamtType', 'SH')])",SOLE,"OrderedDict([('Sole', '464252'), ('Shared', '0'), ('None', '0')])",464252,SH,919085,2017-08-04,2017-06-30,PERRY CAPITAL
353,TZP STRATEGIES ACQUISTN CORP,*W EXP 01/06/202,G91595119,648,"OrderedDict([('sshPrnamt', '65128'), ('sshPrnamtType', 'SH')])",SOLE,"OrderedDict([('Sole', '65128'), ('Shared', '0'), ('None', '0')])",65128,SH,919085,2017-08-04,2017-06-30,PERRY CAPITAL
354,VALARIS LIMITED,CL A,G9460G101,20550,"OrderedDict([('sshPrnamt', '419899'), ('sshPrnamtType', 'SH')])",SOLE,"OrderedDict([('Sole', '419899'), ('Shared', '0'), ('None', '0')])",419899,SH,919085,2017-08-04,2017-06-30,PERRY CAPITAL
355,VENUS ACQUISITION CORPORATIO,RIGHT 02/01/2022,G9420F128,450,"OrderedDict([('sshPrnamt', '1500000'), ('sshPrnamtType', 'SH')])",SOLE,"OrderedDict([('Sole', '1500000'), ('Shared', '0'), ('None', '0')])",1500000,SH,919085,2017-08-04,2017-06-30,PERRY CAPITAL
356,VISCOGLIOSI BROS ACQUISTN CO,*W EXP 03/18/202,92838K118,1256,"OrderedDict([('sshPrnamt', '127268'), ('sshPrnamtType', 'SH')])",SOLE,"OrderedDict([('Sole', '127268'), ('Shared', '0'), ('None', '0')])",127268,SH,919085,2017-08-04,2017-06-30,PERRY CAPITAL
357,VISION SENSING ACQUISITION C,*W EXP 10/21/202,92838J111,995,"OrderedDict([('sshPrnamt', '98863'), ('sshPrnamtType', 'SH')])",SOLE,"OrderedDict([('Sole', '98863'), ('Shared', '0'), ('None', '0')])",98863,SH,919085,2017-08-04,2017-06-30,PERRY CAPITAL
358,VIVEON HEALTH ACQUISITION CO,RIGHT 12/31/2025,92853V122,57,"OrderedDict([('sshPrnamt', '472942'), ('sshPrnamtType', 'SH')])",SOLE,"OrderedDict([('Sole', '472942'), ('Shared', '0'), ('None', '0')])",472942,SH,919085,2017-08-04,2017-06-30,PERRY CAPITAL
359,VMWARE INC,CL A COM,928563402,18977,"OrderedDict([('sshPrnamt', '178259'), ('sshPrnamtType', 'SH')])",SOLE,"OrderedDict([('Sole', '178259'), ('Shared', '0'), ('None', '0')])",178259,SH,919085,2017-08-04,2017-06-30,PERRY CAPITAL
360,WAVERLEY CAPITAL ACQUIS CORP,SHS CL A,G06536109,1670,"OrderedDict([('sshPrnamt', '170906'), ('sshPrnamtType', 'SH')])",SOLE,"OrderedDict([('Sole', '170906'), ('Shared', '0'), ('None', '0')])",170906,SH,919085,2017-08-04,2017-06-30,PERRY CAPITAL
361,WEATHERFORD INTL PLC,ORD SHS,G48833118,20439,"OrderedDict([('sshPrnamt', '632995'), ('sshPrnamtType', 'SH')])",SOLE,"OrderedDict([('Sole', '632995'), ('Shared', '0'), ('None', '0')])",632995,SH,919085,2017-08-04,2017-06-30,PERRY CAPITAL
362,WELSBACH TECH METALS ACQU CO,RIGHT 12/22/2026,950415117,45,"OrderedDict([('sshPrnamt', '1500000'), ('sshPrnamtType', 'SH')])",SOLE,"OrderedDict([('Sole', '1500000'), ('Shared', '0'), ('None', '0')])",1500000,SH,919085,2017-08-04,2017-06-30,PERRY CAPITAL
363,WESTERN ACQSTN VENTURES CORP,*W EXP 09/01/202,95758L115,6874,"OrderedDict([('sshPrnamt', '690154'), ('sshPrnamtType', 'SH')])",SOLE,"OrderedDict([('Sole', '690154'), ('Shared', '0'), ('None', '0')])",690154,SH,919085,2017-08-04,2017-06-30,PERRY CAPITAL
364,WILLIAMS ROWLAND ACQUISITION,*W EXP 12/11/202,96951B110,757,"OrderedDict([('sshPrnamt', '75117'), ('sshPrnamtType', 'SH')])",SOLE,"OrderedDict([('Sole', '75117'), ('Shared', '0'), ('None', '0')])",75117,SH,919085,2017-08-04,2017-06-30,PERRY CAPITAL
365,WINVEST ACQUISITION CORP,RIGHT 99/99/9999,97655B125,68,"OrderedDict([('sshPrnamt', '1500000'), ('sshPrnamtType', 'SH')])",SOLE,"OrderedDict([('Sole', '1500000'), ('Shared', '0'), ('None', '0')])",1500000,SH,919085,2017-08-04,2017-06-30,PERRY CAPITAL
366,WORLDWIDE WEBB ACQUISITION C,*W EXP 10/20/202,G97775111,3080,"OrderedDict([('sshPrnamt', '308011'), ('sshPrnamtType', 'SH')])",SOLE,"OrderedDict([('Sole', '308011'), ('Shared', '0'), ('None', '0')])",308011,SH,919085,2017-08-04,2017-06-30,PERRY CAPITAL
367,XPAC ACQUISITION CORP,CLASS A ORD,G9831X106,4890,"OrderedDict([('sshPrnamt', '500000'), ('sshPrnamtType', 'SH')])",SOLE,"OrderedDict([('Sole', '500000'), ('Shared', '0'), ('None', '0')])",500000,SH,919085,2017-08-04,2017-06-30,PERRY CAPITAL
368,XPO LOGISTICS INC,COM,983793100,14246,"OrderedDict([('sshPrnamt', '320002'), ('sshPrnamtType', 'SH')])",SOLE,"OrderedDict([('Sole', '320002'), ('Shared', '0'), ('None', '0')])",320002,SH,919085,2017-08-04,2017-06-30,PERRY CAPITAL
369,YOTTA ACQUISITION CORPORATIO,RIGHT 03/15/2027,98741Y129,117,"OrderedDict([('sshPrnamt', '1950000'), ('sshPrnamtType', 'SH')])",SOLE,"OrderedDict([('Sole', '1950000'), ('Shared', '0'), ('None', '0')])",1950000,SH,919085,2017-08-04,2017-06-30,PERRY CAPITAL
370,YOTTA ACQUISITION CORPORATIO,*W EXP 03/15/202,98741Y111,9396,"OrderedDict([('sshPrnamt', '950000'), ('sshPrnamtType', 'SH')])",SOLE,"OrderedDict([('Sole', '950000'), ('Shared', '0'), ('None', '0')])",950000,SH,919085,2017-08-04,2017-06-30,PERRY CAPITAL
371,ZIMMER ENERGY TRANSITION ACQ,COM CL A,989570106,149,"OrderedDict([('sshPrnamt', '15309'), ('sshPrnamtType', 'SH')])",SOLE,"OrderedDict([('Sole', '15309'), ('Shared', '0'), ('None', '0')])",15309,SH,919085,2017-08-04,2017-06-30,PERRY CAPITAL
372,Z-WORK ACQUISITION CORP,*W EXP 01/04/202,98880C110,322,"OrderedDict([('sshPrnamt', '32656'), ('sshPrnamtType', 'SH')])",SOLE,"OrderedDict([('Sole', '32656'), ('Shared', '0'), ('None', '0')])",32656,SH,919085,2017-08-04,2017-06-30,PERRY CAPITAL
